SubmissionID,StudentID,TeacherID,SubmitTime,Score,ScorePublicTime
SUB0001,HE150001,GV000098,2023-10-20 10:00:00,6.4,2023-10-21 15:00:00
SUB0002,HE150001,GV000078,2023-10-20 10:00:00,8.0,2023-10-21 15:00:00
SUB0003,HE150002,GV000034,2023-10-20 10:00:00,6.2,2023-10-21 15:00:00
SUB0004,HE150002,GV000014,2023-10-20 10:00:00,5.7,2023-10-21 15:00:00
SUB0005,HE150003,GV000097,2023-10-20 10:00:00,2.8,2023-10-21 15:00:00
SUB0006,HE150003,GV000085,2023-10-20 10:00:00,5.8,2023-10-21 15:00:00
SUB0007,HE150003,GV000082,2023-10-20 10:00:00,9.9,2023-10-21 15:00:00
SUB0008,HE150004,GV000093,2023-10-20 10:00:00,4.1,2023-10-21 15:00:00
SUB0009,HE150004,GV000013,2023-10-20 10:00:00,2.5,2023-10-21 15:00:00
SUB0010,HE150005,GV000061,2023-10-20 10:00:00,8.6,2023-10-21 15:00:00
SUB0011,HE150005,GV000084,2023-10-20 10:00:00,3.2,2023-10-21 15:00:00
SUB0012,HE150006,GV000043,2023-10-20 10:00:00,4.7,2023-10-21 15:00:00
SUB0013,HE150006,GV000048,2023-10-20 10:00:00,7.9,2023-10-21 15:00:00
SUB0014,HE150007,GV000014,2023-10-20 10:00:00,3.4,2023-10-21 15:00:00
SUB0015,HE150008,GV000062,2023-10-20 10:00:00,2.0,2023-10-21 15:00:00
SUB0016,HE150008,GV000059,2023-10-20 10:00:00,8.3,2023-10-21 15:00:00
SUB0017,HE150009,GV000064,2023-10-20 10:00:00,5.0,2023-10-21 15:00:00
SUB0018,HE150009,GV000064,2023-10-20 10:00:00,2.4,2023-10-21 15:00:00
SUB0019,HE150010,GV000047,2023-10-20 10:00:00,2.2,2023-10-21 15:00:00
SUB0020,HE150010,GV000059,2023-10-20 10:00:00,7.4,2023-10-21 15:00:00
SUB0021,HE150011,GV000022,2023-10-20 10:00:00,5.5,2023-10-21 15:00:00
SUB0022,HE150011,GV000079,2023-10-20 10:00:00,7.5,2023-10-21 15:00:00
SUB0023,HE150012,GV000072,2023-10-20 10:00:00,9.7,2023-10-21 15:00:00
SUB0024,HE150012,GV000079,2023-10-20 10:00:00,5.6,2023-10-21 15:00:00
SUB0025,HE150013,GV000009,2023-10-20 10:00:00,6.6,2023-10-21 15:00:00
SUB0026,HE150013,GV000017,2023-10-20 10:00:00,4.7,2023-10-21 15:00:00
SUB0027,HE150014,GV000031,2023-10-20 10:00:00,6.5,2023-10-21 15:00:00
SUB0028,HE150015,GV000053,2023-10-20 10:00:00,3.6,2023-10-21 15:00:00
SUB0029,HE150016,GV000004,2023-10-20 10:00:00,2.9,2023-10-21 15:00:00
SUB0030,HE150017,GV000069,2023-10-20 10:00:00,7.3,2023-10-21 15:00:00
SUB0031,HE150017,GV000081,2023-10-20 10:00:00,7.5,2023-10-21 15:00:00
SUB0032,HE150018,GV000075,2023-10-20 10:00:00,3.3,2023-10-21 15:00:00
SUB0033,HE150018,GV000033,2023-10-20 10:00:00,9.8,2023-10-21 15:00:00
SUB0034,HE150019,GV000088,2023-10-20 10:00:00,7.6,2023-10-21 15:00:00
SUB0035,HE150020,GV000022,2023-10-20 10:00:00,9.7,2023-10-21 15:00:00
SUB0036,HE150021,GV000085,2023-10-20 10:00:00,0.4,2023-10-21 15:00:00
SUB0037,HE150021,GV000021,2023-10-20 10:00:00,0.6,2023-10-21 15:00:00
SUB0038,HE150021,GV000008,2023-10-20 10:00:00,7.1,2023-10-21 15:00:00
SUB0039,HE150022,GV000034,2023-10-20 10:00:00,6.6,2023-10-21 15:00:00
SUB0040,HE150022,GV000090,2023-10-20 10:00:00,7.6,2023-10-21 15:00:00
SUB0041,HE150023,GV000025,2023-10-20 10:00:00,8.8,2023-10-21 15:00:00
SUB0042,HE150024,GV000099,2023-10-20 10:00:00,3.7,2023-10-21 15:00:00
SUB0043,HE150025,GV000056,2023-10-20 10:00:00,1.2,2023-10-21 15:00:00
SUB0044,HE150025,GV000008,2023-10-20 10:00:00,9.0,2023-10-21 15:00:00
SUB0045,HE150025,GV000007,2023-10-20 10:00:00,4.3,2023-10-21 15:00:00
SUB0046,HE150026,GV000040,2023-10-20 10:00:00,0.6,2023-10-21 15:00:00
SUB0047,HE150027,GV000097,2023-10-20 10:00:00,6.6,2023-10-21 15:00:00
SUB0048,HE150028,GV000025,2023-10-20 10:00:00,1.5,2023-10-21 15:00:00
SUB0049,HE150029,GV000016,2023-10-20 10:00:00,3.0,2023-10-21 15:00:00
SUB0050,HE150029,GV000086,2023-10-20 10:00:00,1.1,2023-10-21 15:00:00
SUB0051,HE150030,GV000031,2023-10-20 10:00:00,7.8,2023-10-21 15:00:00
SUB0052,HE150030,GV000083,2023-10-20 10:00:00,2.2,2023-10-21 15:00:00
SUB0053,HE150031,GV000041,2023-10-20 10:00:00,8.6,2023-10-21 15:00:00
SUB0054,HE150031,GV000086,2023-10-20 10:00:00,1.9,2023-10-21 15:00:00
SUB0055,HE150031,GV000098,2023-10-20 10:00:00,2.5,2023-10-21 15:00:00
SUB0056,HE150032,GV000036,2023-10-20 10:00:00,6.4,2023-10-21 15:00:00
SUB0057,HE150032,GV000078,2023-10-20 10:00:00,4.8,2023-10-21 15:00:00
SUB0058,HE150032,GV000004,2023-10-20 10:00:00,0.3,2023-10-21 15:00:00
SUB0059,HE150033,GV000055,2023-10-20 10:00:00,7.5,2023-10-21 15:00:00
SUB0060,HE150034,GV000019,2023-10-20 10:00:00,6.3,2023-10-21 15:00:00
SUB0061,HE150034,GV000099,2023-10-20 10:00:00,10.0,2023-10-21 15:00:00
SUB0062,HE150034,GV000002,2023-10-20 10:00:00,6.4,2023-10-21 15:00:00
SUB0063,HE150035,GV000009,2023-10-20 10:00:00,4.8,2023-10-21 15:00:00
SUB0064,HE150035,GV000008,2023-10-20 10:00:00,7.9,2023-10-21 15:00:00
SUB0065,HE150035,GV000007,2023-10-20 10:00:00,5.0,2023-10-21 15:00:00
SUB0066,HE150036,GV000002,2023-10-20 10:00:00,4.4,2023-10-21 15:00:00
SUB0067,HE150037,GV000087,2023-10-20 10:00:00,0.7,2023-10-21 15:00:00
SUB0068,HE150037,GV000087,2023-10-20 10:00:00,1.4,2023-10-21 15:00:00
SUB0069,HE150037,GV000017,2023-10-20 10:00:00,4.1,2023-10-21 15:00:00
SUB0070,HE150038,GV000050,2023-10-20 10:00:00,7.2,2023-10-21 15:00:00
SUB0071,HE150039,GV000066,2023-10-20 10:00:00,8.7,2023-10-21 15:00:00
SUB0072,HE150039,GV000055,2023-10-20 10:00:00,4.8,2023-10-21 15:00:00
SUB0073,HE150039,GV000029,2023-10-20 10:00:00,7.7,2023-10-21 15:00:00
SUB0074,HE150040,GV000085,2023-10-20 10:00:00,2.4,2023-10-21 15:00:00
SUB0075,HE150040,GV000084,2023-10-20 10:00:00,7.3,2023-10-21 15:00:00
SUB0076,HE150041,GV000057,2023-10-20 10:00:00,8.2,2023-10-21 15:00:00
SUB0077,HE150041,GV000082,2023-10-20 10:00:00,3.0,2023-10-21 15:00:00
SUB0078,HE150042,GV000002,2023-10-20 10:00:00,8.2,2023-10-21 15:00:00
SUB0079,HE150042,GV000075,2023-10-20 10:00:00,1.7,2023-10-21 15:00:00
SUB0080,HE150043,GV000086,2023-10-20 10:00:00,10.0,2023-10-21 15:00:00
SUB0081,HE150043,GV000055,2023-10-20 10:00:00,3.6,2023-10-21 15:00:00
SUB0082,HE150043,GV000052,2023-10-20 10:00:00,6.9,2023-10-21 15:00:00
SUB0083,HE150044,GV000035,2023-10-20 10:00:00,5.0,2023-10-21 15:00:00
SUB0084,HE150045,GV000053,2023-10-20 10:00:00,4.6,2023-10-21 15:00:00
SUB0085,HE150045,GV000051,2023-10-20 10:00:00,6.7,2023-10-21 15:00:00
SUB0086,HE150046,GV000085,2023-10-20 10:00:00,5.6,2023-10-21 15:00:00
SUB0087,HE150047,GV000040,2023-10-20 10:00:00,6.8,2023-10-21 15:00:00
SUB0088,HE150047,GV000051,2023-10-20 10:00:00,6.0,2023-10-21 15:00:00
SUB0089,HE150048,GV000037,2023-10-20 10:00:00,3.2,2023-10-21 15:00:00
SUB0090,HE150048,GV000095,2023-10-20 10:00:00,2.4,2023-10-21 15:00:00
SUB0091,HE150049,GV000095,2023-10-20 10:00:00,8.7,2023-10-21 15:00:00
SUB0092,HE150049,GV000010,2023-10-20 10:00:00,7.2,2023-10-21 15:00:00
SUB0093,HE150050,GV000003,2023-10-20 10:00:00,8.5,2023-10-21 15:00:00
SUB0094,HE150051,GV000099,2023-10-20 10:00:00,3.9,2023-10-21 15:00:00
SUB0095,HE150051,GV000003,2023-10-20 10:00:00,9.4,2023-10-21 15:00:00
SUB0096,HE150051,GV000044,2023-10-20 10:00:00,3.3,2023-10-21 15:00:00
SUB0097,HE150052,GV000051,2023-10-20 10:00:00,4.6,2023-10-21 15:00:00
SUB0098,HE150052,GV000089,2023-10-20 10:00:00,5.7,2023-10-21 15:00:00
SUB0099,HE150053,GV000073,2023-10-20 10:00:00,8.8,2023-10-21 15:00:00
SUB0100,HE150054,GV000040,2023-10-20 10:00:00,9.0,2023-10-21 15:00:00
SUB0101,HE150055,GV000008,2023-10-20 10:00:00,3.4,2023-10-21 15:00:00
SUB0102,HE150055,GV000088,2023-10-20 10:00:00,6.7,2023-10-21 15:00:00
SUB0103,HE150056,GV000069,2023-10-20 10:00:00,5.1,2023-10-21 15:00:00
SUB0104,HE150056,GV000043,2023-10-20 10:00:00,3.3,2023-10-21 15:00:00
SUB0105,HE150056,GV000034,2023-10-20 10:00:00,6.2,2023-10-21 15:00:00
SUB0106,HE150057,GV000033,2023-10-20 10:00:00,7.1,2023-10-21 15:00:00
SUB0107,HE150058,GV000011,2023-10-20 10:00:00,0.6,2023-10-21 15:00:00
SUB0108,HE150058,GV000054,2023-10-20 10:00:00,6.1,2023-10-21 15:00:00
SUB0109,HE150059,GV000087,2023-10-20 10:00:00,9.9,2023-10-21 15:00:00
SUB0110,HE150059,GV000094,2023-10-20 10:00:00,8.9,2023-10-21 15:00:00
SUB0111,HE150060,GV000081,2023-10-20 10:00:00,9.8,2023-10-21 15:00:00
SUB0112,HE150060,GV000063,2023-10-20 10:00:00,2.4,2023-10-21 15:00:00
SUB0113,HE150061,GV000025,2023-10-20 10:00:00,5.2,2023-10-21 15:00:00
SUB0114,HE150061,GV000021,2023-10-20 10:00:00,8.4,2023-10-21 15:00:00
SUB0115,HE150062,GV000004,2023-10-20 10:00:00,5.3,2023-10-21 15:00:00
SUB0116,HE150063,GV000076,2023-10-20 10:00:00,2.5,2023-10-21 15:00:00
SUB0117,HE150064,GV000068,2023-10-20 10:00:00,9.0,2023-10-21 15:00:00
SUB0118,HE150065,GV000037,2023-10-20 10:00:00,5.2,2023-10-21 15:00:00
SUB0119,HE150066,GV000046,2023-10-20 10:00:00,2.3,2023-10-21 15:00:00
SUB0120,HE150066,GV000003,2023-10-20 10:00:00,6.2,2023-10-21 15:00:00
SUB0121,HE150067,GV000011,2023-10-20 10:00:00,7.0,2023-10-21 15:00:00
SUB0122,HE150068,GV000039,2023-10-20 10:00:00,2.4,2023-10-21 15:00:00
SUB0123,HE150068,GV000052,2023-10-20 10:00:00,4.3,2023-10-21 15:00:00
SUB0124,HE150068,GV000003,2023-10-20 10:00:00,6.4,2023-10-21 15:00:00
SUB0125,HE150069,GV000023,2023-10-20 10:00:00,2.5,2023-10-21 15:00:00
SUB0126,HE150069,GV000004,2023-10-20 10:00:00,2.8,2023-10-21 15:00:00
SUB0127,HE150069,GV000004,2023-10-20 10:00:00,7.9,2023-10-21 15:00:00
SUB0128,HE150070,GV000094,2023-10-20 10:00:00,4.3,2023-10-21 15:00:00
SUB0129,HE150071,GV000040,2023-10-20 10:00:00,9.4,2023-10-21 15:00:00
SUB0130,HE150071,GV000063,2023-10-20 10:00:00,2.9,2023-10-21 15:00:00
SUB0131,HE150072,GV000061,2023-10-20 10:00:00,6.7,2023-10-21 15:00:00
SUB0132,HE150072,GV000063,2023-10-20 10:00:00,2.8,2023-10-21 15:00:00
SUB0133,HE150073,GV000073,2023-10-20 10:00:00,8.4,2023-10-21 15:00:00
SUB0134,HE150073,GV000007,2023-10-20 10:00:00,2.6,2023-10-21 15:00:00
SUB0135,HE150074,GV000024,2023-10-20 10:00:00,2.6,2023-10-21 15:00:00
SUB0136,HE150074,GV000052,2023-10-20 10:00:00,7.0,2023-10-21 15:00:00
SUB0137,HE150074,GV000004,2023-10-20 10:00:00,0.5,2023-10-21 15:00:00
SUB0138,HE150075,GV000042,2023-10-20 10:00:00,9.5,2023-10-21 15:00:00
SUB0139,HE150075,GV000074,2023-10-20 10:00:00,4.9,2023-10-21 15:00:00
SUB0140,HE150076,GV000054,2023-10-20 10:00:00,8.6,2023-10-21 15:00:00
SUB0141,HE150076,GV000070,2023-10-20 10:00:00,7.9,2023-10-21 15:00:00
SUB0142,HE150076,GV000008,2023-10-20 10:00:00,4.2,2023-10-21 15:00:00
SUB0143,HE150077,GV000040,2023-10-20 10:00:00,2.7,2023-10-21 15:00:00
SUB0144,HE150077,GV000066,2023-10-20 10:00:00,7.6,2023-10-21 15:00:00
SUB0145,HE150078,GV000095,2023-10-20 10:00:00,2.0,2023-10-21 15:00:00
SUB0146,HE150078,GV000059,2023-10-20 10:00:00,3.7,2023-10-21 15:00:00
SUB0147,HE150078,GV000063,2023-10-20 10:00:00,0.8,2023-10-21 15:00:00
SUB0148,HE150079,GV000060,2023-10-20 10:00:00,4.9,2023-10-21 15:00:00
SUB0149,HE150080,GV000098,2023-10-20 10:00:00,1.1,2023-10-21 15:00:00
SUB0150,HE150080,GV000067,2023-10-20 10:00:00,3.9,2023-10-21 15:00:00
SUB0151,HE150081,GV000064,2023-10-20 10:00:00,8.3,2023-10-21 15:00:00
SUB0152,HE150081,GV000057,2023-10-20 10:00:00,2.4,2023-10-21 15:00:00
SUB0153,HE150081,GV000015,2023-10-20 10:00:00,7.5,2023-10-21 15:00:00
SUB0154,HE150082,GV000062,2023-10-20 10:00:00,7.4,2023-10-21 15:00:00
SUB0155,HE150082,GV000049,2023-10-20 10:00:00,9.8,2023-10-21 15:00:00
SUB0156,HE150083,GV000016,2023-10-20 10:00:00,4.8,2023-10-21 15:00:00
SUB0157,HE150083,GV000034,2023-10-20 10:00:00,0.6,2023-10-21 15:00:00
SUB0158,HE150084,GV000048,2023-10-20 10:00:00,5.3,2023-10-21 15:00:00
SUB0159,HE150085,GV000085,2023-10-20 10:00:00,6.2,2023-10-21 15:00:00
SUB0160,HE150085,GV000075,2023-10-20 10:00:00,6.8,2023-10-21 15:00:00
SUB0161,HE150085,GV000085,2023-10-20 10:00:00,9.5,2023-10-21 15:00:00
SUB0162,HE150086,GV000011,2023-10-20 10:00:00,4.6,2023-10-21 15:00:00
SUB0163,HE150087,GV000010,2023-10-20 10:00:00,1.2,2023-10-21 15:00:00
SUB0164,HE150088,GV000091,2023-10-20 10:00:00,6.9,2023-10-21 15:00:00
SUB0165,HE150089,GV000042,2023-10-20 10:00:00,1.1,2023-10-21 15:00:00
SUB0166,HE150089,GV000048,2023-10-20 10:00:00,1.1,2023-10-21 15:00:00
SUB0167,HE150089,GV000007,2023-10-20 10:00:00,8.4,2023-10-21 15:00:00
SUB0168,HE150090,GV000008,2023-10-20 10:00:00,2.8,2023-10-21 15:00:00
SUB0169,HE150091,GV000039,2023-10-20 10:00:00,5.1,2023-10-21 15:00:00
SUB0170,HE150091,GV000003,2023-10-20 10:00:00,1.5,2023-10-21 15:00:00
SUB0171,HE150091,GV000034,2023-10-20 10:00:00,8.3,2023-10-21 15:00:00
SUB0172,HE150092,GV000021,2023-10-20 10:00:00,3.0,2023-10-21 15:00:00
SUB0173,HE150092,GV000077,2023-10-20 10:00:00,5.6,2023-10-21 15:00:00
SUB0174,HE150093,GV000076,2023-10-20 10:00:00,3.0,2023-10-21 15:00:00
SUB0175,HE150093,GV000036,2023-10-20 10:00:00,3.4,2023-10-21 15:00:00
SUB0176,HE150094,GV000050,2023-10-20 10:00:00,5.4,2023-10-21 15:00:00
SUB0177,HE150094,GV000079,2023-10-20 10:00:00,1.3,2023-10-21 15:00:00
SUB0178,HE150095,GV000081,2023-10-20 10:00:00,5.2,2023-10-21 15:00:00
SUB0179,HE150096,GV000068,2023-10-20 10:00:00,6.9,2023-10-21 15:00:00
SUB0180,HE150096,GV000002,2023-10-20 10:00:00,3.5,2023-10-21 15:00:00
SUB0181,HE150096,GV000081,2023-10-20 10:00:00,7.3,2023-10-21 15:00:00
SUB0182,HE150097,GV000048,2023-10-20 10:00:00,0.7,2023-10-21 15:00:00
SUB0183,HE150097,GV000004,2023-10-20 10:00:00,9.5,2023-10-21 15:00:00
SUB0184,HE150097,GV000040,2023-10-20 10:00:00,4.2,2023-10-21 15:00:00
SUB0185,HE150098,GV000060,2023-10-20 10:00:00,5.6,2023-10-21 15:00:00
SUB0186,HE150098,GV000080,2023-10-20 10:00:00,9.8,2023-10-21 15:00:00
SUB0187,HE150099,GV000052,2023-10-20 10:00:00,2.6,2023-10-21 15:00:00
SUB0188,HE150099,GV000006,2023-10-20 10:00:00,9.0,2023-10-21 15:00:00
SUB0189,HE150100,GV000028,2023-10-20 10:00:00,7.9,2023-10-21 15:00:00
SUB0190,HE150101,GV000044,2023-10-20 10:00:00,1.3,2023-10-21 15:00:00
SUB0191,HE150101,GV000021,2023-10-20 10:00:00,5.9,2023-10-21 15:00:00
SUB0192,HE150102,GV000009,2023-10-20 10:00:00,5.7,2023-10-21 15:00:00
SUB0193,HE150102,GV000069,2023-10-20 10:00:00,9.8,2023-10-21 15:00:00
SUB0194,HE150102,GV000004,2023-10-20 10:00:00,5.5,2023-10-21 15:00:00
SUB0195,HE150103,GV000030,2023-10-20 10:00:00,4.7,2023-10-21 15:00:00
SUB0196,HE150104,GV000014,2023-10-20 10:00:00,9.1,2023-10-21 15:00:00
SUB0197,HE150105,GV000099,2023-10-20 10:00:00,1.5,2023-10-21 15:00:00
SUB0198,HE150105,GV000064,2023-10-20 10:00:00,4.9,2023-10-21 15:00:00
SUB0199,HE150105,GV000059,2023-10-20 10:00:00,2.6,2023-10-21 15:00:00
SUB0200,HE150106,GV000047,2023-10-20 10:00:00,3.5,2023-10-21 15:00:00
SUB0201,HE150106,GV000005,2023-10-20 10:00:00,9.9,2023-10-21 15:00:00
SUB0202,HE150107,GV000094,2023-10-20 10:00:00,5.8,2023-10-21 15:00:00
SUB0203,HE150107,GV000014,2023-10-20 10:00:00,6.0,2023-10-21 15:00:00
SUB0204,HE150107,GV000030,2023-10-20 10:00:00,1.4,2023-10-21 15:00:00
SUB0205,HE150108,GV000002,2023-10-20 10:00:00,3.1,2023-10-21 15:00:00
SUB0206,HE150108,GV000084,2023-10-20 10:00:00,2.4,2023-10-21 15:00:00
SUB0207,HE150109,GV000098,2023-10-20 10:00:00,7.8,2023-10-21 15:00:00
SUB0208,HE150110,GV000001,2023-10-20 10:00:00,7.5,2023-10-21 15:00:00
SUB0209,HE150110,GV000006,2023-10-20 10:00:00,9.9,2023-10-21 15:00:00
SUB0210,HE150111,GV000087,2023-10-20 10:00:00,2.5,2023-10-21 15:00:00
SUB0211,HE150112,GV000069,2023-10-20 10:00:00,1.7,2023-10-21 15:00:00
SUB0212,HE150112,GV000011,2023-10-20 10:00:00,4.5,2023-10-21 15:00:00
SUB0213,HE150112,GV000044,2023-10-20 10:00:00,8.9,2023-10-21 15:00:00
SUB0214,HE150113,GV000065,2023-10-20 10:00:00,9.4,2023-10-21 15:00:00
SUB0215,HE150114,GV000097,2023-10-20 10:00:00,5.5,2023-10-21 15:00:00
SUB0216,HE150114,GV000079,2023-10-20 10:00:00,0.5,2023-10-21 15:00:00
SUB0217,HE150115,GV000100,2023-10-20 10:00:00,7.2,2023-10-21 15:00:00
SUB0218,HE150115,GV000053,2023-10-20 10:00:00,3.7,2023-10-21 15:00:00
SUB0219,HE150116,GV000013,2023-10-20 10:00:00,3.9,2023-10-21 15:00:00
SUB0220,HE150117,GV000027,2023-10-20 10:00:00,4.6,2023-10-21 15:00:00
SUB0221,HE150117,GV000014,2023-10-20 10:00:00,7.7,2023-10-21 15:00:00
SUB0222,HE150118,GV000075,2023-10-20 10:00:00,9.4,2023-10-21 15:00:00
SUB0223,HE150119,GV000012,2023-10-20 10:00:00,7.1,2023-10-21 15:00:00
SUB0224,HE150119,GV000084,2023-10-20 10:00:00,1.7,2023-10-21 15:00:00
SUB0225,HE150119,GV000072,2023-10-20 10:00:00,8.2,2023-10-21 15:00:00
SUB0226,HE150120,GV000053,2023-10-20 10:00:00,3.8,2023-10-21 15:00:00
SUB0227,HE150121,GV000037,2023-10-20 10:00:00,8.8,2023-10-21 15:00:00
SUB0228,HE150121,GV000063,2023-10-20 10:00:00,8.1,2023-10-21 15:00:00
SUB0229,HE150122,GV000069,2023-10-20 10:00:00,0.2,2023-10-21 15:00:00
SUB0230,HE150122,GV000005,2023-10-20 10:00:00,3.0,2023-10-21 15:00:00
SUB0231,HE150122,GV000020,2023-10-20 10:00:00,1.9,2023-10-21 15:00:00
SUB0232,HE150123,GV000077,2023-10-20 10:00:00,8.0,2023-10-21 15:00:00
SUB0233,HE150123,GV000029,2023-10-20 10:00:00,3.3,2023-10-21 15:00:00
SUB0234,HE150123,GV000079,2023-10-20 10:00:00,6.0,2023-10-21 15:00:00
SUB0235,HE150124,GV000029,2023-10-20 10:00:00,3.7,2023-10-21 15:00:00
SUB0236,HE150125,GV000022,2023-10-20 10:00:00,6.4,2023-10-21 15:00:00
SUB0237,HE150125,GV000100,2023-10-20 10:00:00,2.8,2023-10-21 15:00:00
SUB0238,HE150125,GV000014,2023-10-20 10:00:00,6.1,2023-10-21 15:00:00
SUB0239,HE150126,GV000028,2023-10-20 10:00:00,8.8,2023-10-21 15:00:00
SUB0240,HE150126,GV000084,2023-10-20 10:00:00,2.8,2023-10-21 15:00:00
SUB0241,HE150126,GV000097,2023-10-20 10:00:00,6.4,2023-10-21 15:00:00
SUB0242,HE150127,GV000100,2023-10-20 10:00:00,1.9,2023-10-21 15:00:00
SUB0243,HE150127,GV000030,2023-10-20 10:00:00,0.5,2023-10-21 15:00:00
SUB0244,HE150127,GV000004,2023-10-20 10:00:00,3.3,2023-10-21 15:00:00
SUB0245,HE150128,GV000009,2023-10-20 10:00:00,0.7,2023-10-21 15:00:00
SUB0246,HE150128,GV000100,2023-10-20 10:00:00,4.3,2023-10-21 15:00:00
SUB0247,HE150129,GV000023,2023-10-20 10:00:00,8.0,2023-10-21 15:00:00
SUB0248,HE150130,GV000096,2023-10-20 10:00:00,8.9,2023-10-21 15:00:00
SUB0249,HE150130,GV000016,2023-10-20 10:00:00,4.9,2023-10-21 15:00:00
SUB0250,HE150131,GV000044,2023-10-20 10:00:00,8.6,2023-10-21 15:00:00
SUB0251,HE150131,GV000006,2023-10-20 10:00:00,4.6,2023-10-21 15:00:00
SUB0252,HE150132,GV000024,2023-10-20 10:00:00,1.5,2023-10-21 15:00:00
SUB0253,HE150133,GV000054,2023-10-20 10:00:00,2.6,2023-10-21 15:00:00
SUB0254,HE150133,GV000040,2023-10-20 10:00:00,8.8,2023-10-21 15:00:00
SUB0255,HE150133,GV000029,2023-10-20 10:00:00,2.1,2023-10-21 15:00:00
SUB0256,HE150134,GV000100,2023-10-20 10:00:00,3.2,2023-10-21 15:00:00
SUB0257,HE150134,GV000084,2023-10-20 10:00:00,4.0,2023-10-21 15:00:00
SUB0258,HE150135,GV000026,2023-10-20 10:00:00,3.2,2023-10-21 15:00:00
SUB0259,HE150136,GV000069,2023-10-20 10:00:00,7.4,2023-10-21 15:00:00
SUB0260,HE150137,GV000019,2023-10-20 10:00:00,7.7,2023-10-21 15:00:00
SUB0261,HE150138,GV000003,2023-10-20 10:00:00,8.2,2023-10-21 15:00:00
SUB0262,HE150139,GV000046,2023-10-20 10:00:00,9.0,2023-10-21 15:00:00
SUB0263,HE150139,GV000044,2023-10-20 10:00:00,0.3,2023-10-21 15:00:00
SUB0264,HE150140,GV000068,2023-10-20 10:00:00,0.8,2023-10-21 15:00:00
SUB0265,HE150140,GV000086,2023-10-20 10:00:00,1.7,2023-10-21 15:00:00
SUB0266,HE150141,GV000030,2023-10-20 10:00:00,4.8,2023-10-21 15:00:00
SUB0267,HE150142,GV000075,2023-10-20 10:00:00,5.9,2023-10-21 15:00:00
SUB0268,HE150142,GV000081,2023-10-20 10:00:00,4.9,2023-10-21 15:00:00
SUB0269,HE150143,GV000069,2023-10-20 10:00:00,4.4,2023-10-21 15:00:00
SUB0270,HE150143,GV000074,2023-10-20 10:00:00,6.7,2023-10-21 15:00:00
SUB0271,HE150143,GV000100,2023-10-20 10:00:00,5.3,2023-10-21 15:00:00
SUB0272,HE150144,GV000032,2023-10-20 10:00:00,4.2,2023-10-21 15:00:00
SUB0273,HE150145,GV000079,2023-10-20 10:00:00,0.2,2023-10-21 15:00:00
SUB0274,HE150145,GV000084,2023-10-20 10:00:00,2.4,2023-10-21 15:00:00
SUB0275,HE150145,GV000023,2023-10-20 10:00:00,4.0,2023-10-21 15:00:00
SUB0276,HE150146,GV000036,2023-10-20 10:00:00,5.0,2023-10-21 15:00:00
SUB0277,HE150146,GV000028,2023-10-20 10:00:00,9.6,2023-10-21 15:00:00
SUB0278,HE150147,GV000053,2023-10-20 10:00:00,6.6,2023-10-21 15:00:00
SUB0279,HE150147,GV000047,2023-10-20 10:00:00,1.6,2023-10-21 15:00:00
SUB0280,HE150148,GV000035,2023-10-20 10:00:00,3.1,2023-10-21 15:00:00
SUB0281,HE150149,GV000076,2023-10-20 10:00:00,7.7,2023-10-21 15:00:00
SUB0282,HE150149,GV000014,2023-10-20 10:00:00,1.7,2023-10-21 15:00:00
SUB0283,HE150149,GV000071,2023-10-20 10:00:00,3.4,2023-10-21 15:00:00
SUB0284,HE150150,GV000066,2023-10-20 10:00:00,8.3,2023-10-21 15:00:00
SUB0285,HE150150,GV000019,2023-10-20 10:00:00,6.2,2023-10-21 15:00:00
SUB0286,HE150150,GV000059,2023-10-20 10:00:00,6.4,2023-10-21 15:00:00
SUB0287,HE150151,GV000087,2023-10-20 10:00:00,1.3,2023-10-21 15:00:00
SUB0288,HE150151,GV000033,2023-10-20 10:00:00,9.0,2023-10-21 15:00:00
SUB0289,HE150152,GV000047,2023-10-20 10:00:00,8.0,2023-10-21 15:00:00
SUB0290,HE150152,GV000055,2023-10-20 10:00:00,4.6,2023-10-21 15:00:00
SUB0291,HE150152,GV000073,2023-10-20 10:00:00,1.4,2023-10-21 15:00:00
SUB0292,HE150153,GV000021,2023-10-20 10:00:00,6.8,2023-10-21 15:00:00
SUB0293,HE150153,GV000046,2023-10-20 10:00:00,4.2,2023-10-21 15:00:00
SUB0294,HE150154,GV000069,2023-10-20 10:00:00,6.4,2023-10-21 15:00:00
SUB0295,HE150154,GV000040,2023-10-20 10:00:00,4.0,2023-10-21 15:00:00
SUB0296,HE150155,GV000045,2023-10-20 10:00:00,0.7,2023-10-21 15:00:00
SUB0297,HE150155,GV000095,2023-10-20 10:00:00,2.2,2023-10-21 15:00:00
SUB0298,HE150156,GV000036,2023-10-20 10:00:00,7.6,2023-10-21 15:00:00
SUB0299,HE150157,GV000086,2023-10-20 10:00:00,0.2,2023-10-21 15:00:00
SUB0300,HE150157,GV000034,2023-10-20 10:00:00,7.0,2023-10-21 15:00:00
SUB0301,HE150158,GV000075,2023-10-20 10:00:00,1.8,2023-10-21 15:00:00
SUB0302,HE150158,GV000073,2023-10-20 10:00:00,7.9,2023-10-21 15:00:00
SUB0303,HE150159,GV000005,2023-10-20 10:00:00,5.0,2023-10-21 15:00:00
SUB0304,HE150159,GV000070,2023-10-20 10:00:00,3.2,2023-10-21 15:00:00
SUB0305,HE150160,GV000006,2023-10-20 10:00:00,1.6,2023-10-21 15:00:00
SUB0306,HE150161,GV000095,2023-10-20 10:00:00,6.5,2023-10-21 15:00:00
SUB0307,HE150161,GV000049,2023-10-20 10:00:00,8.4,2023-10-21 15:00:00
SUB0308,HE150161,GV000005,2023-10-20 10:00:00,9.9,2023-10-21 15:00:00
SUB0309,HE150162,GV000019,2023-10-20 10:00:00,0.6,2023-10-21 15:00:00
SUB0310,HE150163,GV000054,2023-10-20 10:00:00,8.5,2023-10-21 15:00:00
SUB0311,HE150164,GV000047,2023-10-20 10:00:00,8.9,2023-10-21 15:00:00
SUB0312,HE150164,GV000024,2023-10-20 10:00:00,8.4,2023-10-21 15:00:00
SUB0313,HE150165,GV000095,2023-10-20 10:00:00,9.0,2023-10-21 15:00:00
SUB0314,HE150166,GV000084,2023-10-20 10:00:00,3.9,2023-10-21 15:00:00
SUB0315,HE150167,GV000032,2023-10-20 10:00:00,2.5,2023-10-21 15:00:00
SUB0316,HE150168,GV000030,2023-10-20 10:00:00,8.8,2023-10-21 15:00:00
SUB0317,HE150168,GV000015,2023-10-20 10:00:00,7.8,2023-10-21 15:00:00
SUB0318,HE150168,GV000062,2023-10-20 10:00:00,7.9,2023-10-21 15:00:00
SUB0319,HE150169,GV000075,2023-10-20 10:00:00,5.6,2023-10-21 15:00:00
SUB0320,HE150169,GV000098,2023-10-20 10:00:00,9.7,2023-10-21 15:00:00
SUB0321,HE150169,GV000036,2023-10-20 10:00:00,5.4,2023-10-21 15:00:00
SUB0322,HE150170,GV000009,2023-10-20 10:00:00,7.8,2023-10-21 15:00:00
SUB0323,HE150170,GV000040,2023-10-20 10:00:00,3.2,2023-10-21 15:00:00
SUB0324,HE150171,GV000006,2023-10-20 10:00:00,7.9,2023-10-21 15:00:00
SUB0325,HE150171,GV000019,2023-10-20 10:00:00,3.7,2023-10-21 15:00:00
SUB0326,HE150171,GV000093,2023-10-20 10:00:00,3.4,2023-10-21 15:00:00
SUB0327,HE150172,GV000024,2023-10-20 10:00:00,4.9,2023-10-21 15:00:00
SUB0328,HE150173,GV000084,2023-10-20 10:00:00,3.3,2023-10-21 15:00:00
SUB0329,HE150173,GV000027,2023-10-20 10:00:00,0.9,2023-10-21 15:00:00
SUB0330,HE150173,GV000039,2023-10-20 10:00:00,9.4,2023-10-21 15:00:00
SUB0331,HE150174,GV000092,2023-10-20 10:00:00,6.4,2023-10-21 15:00:00
SUB0332,HE150174,GV000025,2023-10-20 10:00:00,8.5,2023-10-21 15:00:00
SUB0333,HE150174,GV000085,2023-10-20 10:00:00,5.1,2023-10-21 15:00:00
SUB0334,HE150175,GV000094,2023-10-20 10:00:00,1.0,2023-10-21 15:00:00
SUB0335,HE150176,GV000019,2023-10-20 10:00:00,8.2,2023-10-21 15:00:00
SUB0336,HE150177,GV000001,2023-10-20 10:00:00,7.4,2023-10-21 15:00:00
SUB0337,HE150177,GV000049,2023-10-20 10:00:00,5.8,2023-10-21 15:00:00
SUB0338,HE150177,GV000012,2023-10-20 10:00:00,7.8,2023-10-21 15:00:00
SUB0339,HE150178,GV000019,2023-10-20 10:00:00,4.7,2023-10-21 15:00:00
SUB0340,HE150178,GV000092,2023-10-20 10:00:00,2.4,2023-10-21 15:00:00
SUB0341,HE150178,GV000038,2023-10-20 10:00:00,2.9,2023-10-21 15:00:00
SUB0342,HE150179,GV000030,2023-10-20 10:00:00,5.5,2023-10-21 15:00:00
SUB0343,HE150179,GV000077,2023-10-20 10:00:00,6.2,2023-10-21 15:00:00
SUB0344,HE150179,GV000037,2023-10-20 10:00:00,5.2,2023-10-21 15:00:00
SUB0345,HE150180,GV000019,2023-10-20 10:00:00,3.5,2023-10-21 15:00:00
SUB0346,HE150180,GV000096,2023-10-20 10:00:00,2.0,2023-10-21 15:00:00
SUB0347,HE150181,GV000004,2023-10-20 10:00:00,2.9,2023-10-21 15:00:00
SUB0348,HE150181,GV000026,2023-10-20 10:00:00,9.9,2023-10-21 15:00:00
SUB0349,HE150182,GV000025,2023-10-20 10:00:00,3.5,2023-10-21 15:00:00
SUB0350,HE150183,GV000050,2023-10-20 10:00:00,4.1,2023-10-21 15:00:00
SUB0351,HE150184,GV000019,2023-10-20 10:00:00,0.1,2023-10-21 15:00:00
SUB0352,HE150185,GV000023,2023-10-20 10:00:00,7.2,2023-10-21 15:00:00
SUB0353,HE150185,GV000023,2023-10-20 10:00:00,5.1,2023-10-21 15:00:00
SUB0354,HE150186,GV000070,2023-10-20 10:00:00,1.1,2023-10-21 15:00:00
SUB0355,HE150187,GV000016,2023-10-20 10:00:00,7.0,2023-10-21 15:00:00
SUB0356,HE150187,GV000082,2023-10-20 10:00:00,6.0,2023-10-21 15:00:00
SUB0357,HE150187,GV000041,2023-10-20 10:00:00,3.3,2023-10-21 15:00:00
SUB0358,HE150188,GV000025,2023-10-20 10:00:00,2.6,2023-10-21 15:00:00
SUB0359,HE150188,GV000046,2023-10-20 10:00:00,5.6,2023-10-21 15:00:00
SUB0360,HE150188,GV000084,2023-10-20 10:00:00,8.3,2023-10-21 15:00:00
SUB0361,HE150189,GV000038,2023-10-20 10:00:00,7.3,2023-10-21 15:00:00
SUB0362,HE150189,GV000050,2023-10-20 10:00:00,6.2,2023-10-21 15:00:00
SUB0363,HE150189,GV000007,2023-10-20 10:00:00,9.4,2023-10-21 15:00:00
SUB0364,HE150190,GV000065,2023-10-20 10:00:00,6.7,2023-10-21 15:00:00
SUB0365,HE150190,GV000065,2023-10-20 10:00:00,3.7,2023-10-21 15:00:00
SUB0366,HE150190,GV000072,2023-10-20 10:00:00,2.2,2023-10-21 15:00:00
SUB0367,HE150191,GV000078,2023-10-20 10:00:00,6.8,2023-10-21 15:00:00
SUB0368,HE150191,GV000094,2023-10-20 10:00:00,8.6,2023-10-21 15:00:00
SUB0369,HE150192,GV000075,2023-10-20 10:00:00,1.4,2023-10-21 15:00:00
SUB0370,HE150193,GV000077,2023-10-20 10:00:00,5.7,2023-10-21 15:00:00
SUB0371,HE150193,GV000039,2023-10-20 10:00:00,3.6,2023-10-21 15:00:00
SUB0372,HE150194,GV000067,2023-10-20 10:00:00,9.6,2023-10-21 15:00:00
SUB0373,HE150195,GV000066,2023-10-20 10:00:00,6.3,2023-10-21 15:00:00
SUB0374,HE150195,GV000090,2023-10-20 10:00:00,5.6,2023-10-21 15:00:00
SUB0375,HE150195,GV000073,2023-10-20 10:00:00,4.6,2023-10-21 15:00:00
SUB0376,HE150196,GV000036,2023-10-20 10:00:00,9.0,2023-10-21 15:00:00
SUB0377,HE150196,GV000099,2023-10-20 10:00:00,2.9,2023-10-21 15:00:00
SUB0378,HE150196,GV000008,2023-10-20 10:00:00,7.7,2023-10-21 15:00:00
SUB0379,HE150197,GV000089,2023-10-20 10:00:00,9.4,2023-10-21 15:00:00
SUB0380,HE150197,GV000081,2023-10-20 10:00:00,4.5,2023-10-21 15:00:00
SUB0381,HE150197,GV000016,2023-10-20 10:00:00,1.1,2023-10-21 15:00:00
SUB0382,HE150198,GV000096,2023-10-20 10:00:00,4.5,2023-10-21 15:00:00
SUB0383,HE150198,GV000070,2023-10-20 10:00:00,9.4,2023-10-21 15:00:00
SUB0384,HE150198,GV000013,2023-10-20 10:00:00,1.9,2023-10-21 15:00:00
SUB0385,HE150199,GV000079,2023-10-20 10:00:00,5.9,2023-10-21 15:00:00
SUB0386,HE150199,GV000007,2023-10-20 10:00:00,6.8,2023-10-21 15:00:00
SUB0387,HE150199,GV000069,2023-10-20 10:00:00,7.9,2023-10-21 15:00:00
SUB0388,HE150200,GV000047,2023-10-20 10:00:00,7.3,2023-10-21 15:00:00
SUB0389,HE150201,GV000048,2023-10-20 10:00:00,9.1,2023-10-21 15:00:00
SUB0390,HE150201,GV000021,2023-10-20 10:00:00,2.7,2023-10-21 15:00:00
SUB0391,HE150202,GV000015,2023-10-20 10:00:00,1.9,2023-10-21 15:00:00
SUB0392,HE150202,GV000008,2023-10-20 10:00:00,9.1,2023-10-21 15:00:00
SUB0393,HE150203,GV000046,2023-10-20 10:00:00,3.2,2023-10-21 15:00:00
SUB0394,HE150203,GV000047,2023-10-20 10:00:00,8.5,2023-10-21 15:00:00
SUB0395,HE150203,GV000011,2023-10-20 10:00:00,5.3,2023-10-21 15:00:00
SUB0396,HE150204,GV000093,2023-10-20 10:00:00,7.7,2023-10-21 15:00:00
SUB0397,HE150204,GV000020,2023-10-20 10:00:00,1.7,2023-10-21 15:00:00
SUB0398,HE150205,GV000063,2023-10-20 10:00:00,9.4,2023-10-21 15:00:00
SUB0399,HE150205,GV000037,2023-10-20 10:00:00,8.0,2023-10-21 15:00:00
SUB0400,HE150206,GV000070,2023-10-20 10:00:00,1.6,2023-10-21 15:00:00
SUB0401,HE150207,GV000075,2023-10-20 10:00:00,7.1,2023-10-21 15:00:00
SUB0402,HE150207,GV000097,2023-10-20 10:00:00,1.7,2023-10-21 15:00:00
SUB0403,HE150208,GV000069,2023-10-20 10:00:00,4.0,2023-10-21 15:00:00
SUB0404,HE150209,GV000006,2023-10-20 10:00:00,6.5,2023-10-21 15:00:00
SUB0405,HE150210,GV000007,2023-10-20 10:00:00,9.6,2023-10-21 15:00:00
SUB0406,HE150210,GV000092,2023-10-20 10:00:00,6.0,2023-10-21 15:00:00
SUB0407,HE150210,GV000066,2023-10-20 10:00:00,4.5,2023-10-21 15:00:00
SUB0408,HE150211,GV000034,2023-10-20 10:00:00,7.4,2023-10-21 15:00:00
SUB0409,HE150211,GV000041,2023-10-20 10:00:00,2.7,2023-10-21 15:00:00
SUB0410,HE150211,GV000034,2023-10-20 10:00:00,4.2,2023-10-21 15:00:00
SUB0411,HE150212,GV000042,2023-10-20 10:00:00,9.1,2023-10-21 15:00:00
SUB0412,HE150213,GV000029,2023-10-20 10:00:00,6.0,2023-10-21 15:00:00
SUB0413,HE150214,GV000014,2023-10-20 10:00:00,9.1,2023-10-21 15:00:00
SUB0414,HE150215,GV000025,2023-10-20 10:00:00,0.1,2023-10-21 15:00:00
SUB0415,HE150215,GV000019,2023-10-20 10:00:00,0.7,2023-10-21 15:00:00
SUB0416,HE150216,GV000015,2023-10-20 10:00:00,4.4,2023-10-21 15:00:00
SUB0417,HE150216,GV000066,2023-10-20 10:00:00,6.3,2023-10-21 15:00:00
SUB0418,HE150217,GV000079,2023-10-20 10:00:00,2.4,2023-10-21 15:00:00
SUB0419,HE150218,GV000003,2023-10-20 10:00:00,6.6,2023-10-21 15:00:00
SUB0420,HE150218,GV000033,2023-10-20 10:00:00,9.0,2023-10-21 15:00:00
SUB0421,HE150218,GV000057,2023-10-20 10:00:00,3.3,2023-10-21 15:00:00
SUB0422,HE150219,GV000075,2023-10-20 10:00:00,7.1,2023-10-21 15:00:00
SUB0423,HE150219,GV000004,2023-10-20 10:00:00,2.9,2023-10-21 15:00:00
SUB0424,HE150220,GV000004,2023-10-20 10:00:00,2.2,2023-10-21 15:00:00
SUB0425,HE150221,GV000066,2023-10-20 10:00:00,0.3,2023-10-21 15:00:00
SUB0426,HE150221,GV000083,2023-10-20 10:00:00,6.1,2023-10-21 15:00:00
SUB0427,HE150221,GV000012,2023-10-20 10:00:00,8.1,2023-10-21 15:00:00
SUB0428,HE150222,GV000071,2023-10-20 10:00:00,5.5,2023-10-21 15:00:00
SUB0429,HE150223,GV000020,2023-10-20 10:00:00,9.2,2023-10-21 15:00:00
SUB0430,HE150224,GV000041,2023-10-20 10:00:00,3.5,2023-10-21 15:00:00
SUB0431,HE150225,GV000086,2023-10-20 10:00:00,2.9,2023-10-21 15:00:00
SUB0432,HE150226,GV000015,2023-10-20 10:00:00,5.8,2023-10-21 15:00:00
SUB0433,HE150227,GV000030,2023-10-20 10:00:00,4.9,2023-10-21 15:00:00
SUB0434,HE150228,GV000061,2023-10-20 10:00:00,2.2,2023-10-21 15:00:00
SUB0435,HE150228,GV000016,2023-10-20 10:00:00,5.8,2023-10-21 15:00:00
SUB0436,HE150229,GV000004,2023-10-20 10:00:00,9.5,2023-10-21 15:00:00
SUB0437,HE150230,GV000013,2023-10-20 10:00:00,7.6,2023-10-21 15:00:00
SUB0438,HE150231,GV000093,2023-10-20 10:00:00,8.2,2023-10-21 15:00:00
SUB0439,HE150231,GV000035,2023-10-20 10:00:00,2.0,2023-10-21 15:00:00
SUB0440,HE150231,GV000026,2023-10-20 10:00:00,4.1,2023-10-21 15:00:00
SUB0441,HE150232,GV000026,2023-10-20 10:00:00,3.0,2023-10-21 15:00:00
SUB0442,HE150232,GV000068,2023-10-20 10:00:00,5.8,2023-10-21 15:00:00
SUB0443,HE150232,GV000022,2023-10-20 10:00:00,9.9,2023-10-21 15:00:00
SUB0444,HE150233,GV000097,2023-10-20 10:00:00,5.6,2023-10-21 15:00:00
SUB0445,HE150233,GV000084,2023-10-20 10:00:00,8.9,2023-10-21 15:00:00
SUB0446,HE150234,GV000032,2023-10-20 10:00:00,5.5,2023-10-21 15:00:00
SUB0447,HE150235,GV000019,2023-10-20 10:00:00,0.2,2023-10-21 15:00:00
SUB0448,HE150235,GV000079,2023-10-20 10:00:00,2.7,2023-10-21 15:00:00
SUB0449,HE150236,GV000081,2023-10-20 10:00:00,2.0,2023-10-21 15:00:00
SUB0450,HE150236,GV000094,2023-10-20 10:00:00,9.4,2023-10-21 15:00:00
SUB0451,HE150236,GV000076,2023-10-20 10:00:00,3.2,2023-10-21 15:00:00
SUB0452,HE150237,GV000065,2023-10-20 10:00:00,3.5,2023-10-21 15:00:00
SUB0453,HE150237,GV000037,2023-10-20 10:00:00,4.1,2023-10-21 15:00:00
SUB0454,HE150237,GV000008,2023-10-20 10:00:00,6.4,2023-10-21 15:00:00
SUB0455,HE150238,GV000021,2023-10-20 10:00:00,6.0,2023-10-21 15:00:00
SUB0456,HE150238,GV000074,2023-10-20 10:00:00,8.8,2023-10-21 15:00:00
SUB0457,HE150238,GV000004,2023-10-20 10:00:00,4.6,2023-10-21 15:00:00
SUB0458,HE150239,GV000079,2023-10-20 10:00:00,1.2,2023-10-21 15:00:00
SUB0459,HE150240,GV000018,2023-10-20 10:00:00,3.1,2023-10-21 15:00:00
SUB0460,HE150240,GV000076,2023-10-20 10:00:00,8.1,2023-10-21 15:00:00
SUB0461,HE150240,GV000052,2023-10-20 10:00:00,0.3,2023-10-21 15:00:00
SUB0462,HE150241,GV000031,2023-10-20 10:00:00,0.9,2023-10-21 15:00:00
SUB0463,HE150242,GV000040,2023-10-20 10:00:00,3.0,2023-10-21 15:00:00
SUB0464,HE150243,GV000073,2023-10-20 10:00:00,4.5,2023-10-21 15:00:00
SUB0465,HE150243,GV000070,2023-10-20 10:00:00,2.0,2023-10-21 15:00:00
SUB0466,HE150243,GV000065,2023-10-20 10:00:00,8.6,2023-10-21 15:00:00
SUB0467,HE150244,GV000091,2023-10-20 10:00:00,5.2,2023-10-21 15:00:00
SUB0468,HE150244,GV000064,2023-10-20 10:00:00,7.7,2023-10-21 15:00:00
SUB0469,HE150245,GV000003,2023-10-20 10:00:00,2.0,2023-10-21 15:00:00
SUB0470,HE150245,GV000073,2023-10-20 10:00:00,2.2,2023-10-21 15:00:00
SUB0471,HE150246,GV000021,2023-10-20 10:00:00,5.7,2023-10-21 15:00:00
SUB0472,HE150246,GV000063,2023-10-20 10:00:00,9.0,2023-10-21 15:00:00
SUB0473,HE150246,GV000004,2023-10-20 10:00:00,1.4,2023-10-21 15:00:00
SUB0474,HE150247,GV000027,2023-10-20 10:00:00,0.3,2023-10-21 15:00:00
SUB0475,HE150247,GV000006,2023-10-20 10:00:00,1.0,2023-10-21 15:00:00
SUB0476,HE150248,GV000071,2023-10-20 10:00:00,3.0,2023-10-21 15:00:00
SUB0477,HE150248,GV000050,2023-10-20 10:00:00,3.6,2023-10-21 15:00:00
SUB0478,HE150248,GV000042,2023-10-20 10:00:00,0.2,2023-10-21 15:00:00
SUB0479,HE150249,GV000001,2023-10-20 10:00:00,1.9,2023-10-21 15:00:00
SUB0480,HE150249,GV000047,2023-10-20 10:00:00,0.2,2023-10-21 15:00:00
SUB0481,HE150250,GV000095,2023-10-20 10:00:00,4.4,2023-10-21 15:00:00
SUB0482,HE150251,GV000081,2023-10-20 10:00:00,2.0,2023-10-21 15:00:00
SUB0483,HE150252,GV000056,2023-10-20 10:00:00,3.0,2023-10-21 15:00:00
SUB0484,HE150253,GV000070,2023-10-20 10:00:00,5.8,2023-10-21 15:00:00
SUB0485,HE150253,GV000034,2023-10-20 10:00:00,0.0,2023-10-21 15:00:00
SUB0486,HE150254,GV000011,2023-10-20 10:00:00,0.3,2023-10-21 15:00:00
SUB0487,HE150254,GV000077,2023-10-20 10:00:00,2.4,2023-10-21 15:00:00
SUB0488,HE150254,GV000059,2023-10-20 10:00:00,1.8,2023-10-21 15:00:00
SUB0489,HE150255,GV000010,2023-10-20 10:00:00,9.4,2023-10-21 15:00:00
SUB0490,HE150255,GV000065,2023-10-20 10:00:00,0.2,2023-10-21 15:00:00
SUB0491,HE150255,GV000034,2023-10-20 10:00:00,2.1,2023-10-21 15:00:00
SUB0492,HE150256,GV000081,2023-10-20 10:00:00,3.1,2023-10-21 15:00:00
SUB0493,HE150256,GV000059,2023-10-20 10:00:00,1.3,2023-10-21 15:00:00
SUB0494,HE150257,GV000030,2023-10-20 10:00:00,4.8,2023-10-21 15:00:00
SUB0495,HE150258,GV000035,2023-10-20 10:00:00,5.7,2023-10-21 15:00:00
SUB0496,HE150258,GV000045,2023-10-20 10:00:00,0.2,2023-10-21 15:00:00
SUB0497,HE150258,GV000027,2023-10-20 10:00:00,2.0,2023-10-21 15:00:00
SUB0498,HE150259,GV000045,2023-10-20 10:00:00,4.3,2023-10-21 15:00:00
SUB0499,HE150260,GV000051,2023-10-20 10:00:00,2.6,2023-10-21 15:00:00
SUB0500,HE150260,GV000098,2023-10-20 10:00:00,1.3,2023-10-21 15:00:00
SUB0501,HE150260,GV000056,2023-10-20 10:00:00,5.6,2023-10-21 15:00:00
SUB0502,HE150261,GV000008,2023-10-20 10:00:00,6.7,2023-10-21 15:00:00
SUB0503,HE150261,GV000076,2023-10-20 10:00:00,4.4,2023-10-21 15:00:00
SUB0504,HE150261,GV000074,2023-10-20 10:00:00,7.6,2023-10-21 15:00:00
SUB0505,HE150262,GV000048,2023-10-20 10:00:00,3.6,2023-10-21 15:00:00
SUB0506,HE150262,GV000016,2023-10-20 10:00:00,4.2,2023-10-21 15:00:00
SUB0507,HE150262,GV000042,2023-10-20 10:00:00,4.4,2023-10-21 15:00:00
SUB0508,HE150263,GV000036,2023-10-20 10:00:00,9.4,2023-10-21 15:00:00
SUB0509,HE150263,GV000066,2023-10-20 10:00:00,1.3,2023-10-21 15:00:00
SUB0510,HE150264,GV000059,2023-10-20 10:00:00,2.1,2023-10-21 15:00:00
SUB0511,HE150264,GV000037,2023-10-20 10:00:00,4.8,2023-10-21 15:00:00
SUB0512,HE150265,GV000085,2023-10-20 10:00:00,1.6,2023-10-21 15:00:00
SUB0513,HE150265,GV000068,2023-10-20 10:00:00,1.5,2023-10-21 15:00:00
SUB0514,HE150265,GV000027,2023-10-20 10:00:00,6.6,2023-10-21 15:00:00
SUB0515,HE150266,GV000086,2023-10-20 10:00:00,1.2,2023-10-21 15:00:00
SUB0516,HE150266,GV000059,2023-10-20 10:00:00,8.6,2023-10-21 15:00:00
SUB0517,HE150266,GV000047,2023-10-20 10:00:00,4.6,2023-10-21 15:00:00
SUB0518,HE150267,GV000081,2023-10-20 10:00:00,5.9,2023-10-21 15:00:00
SUB0519,HE150267,GV000021,2023-10-20 10:00:00,0.7,2023-10-21 15:00:00
SUB0520,HE150267,GV000003,2023-10-20 10:00:00,9.2,2023-10-21 15:00:00
SUB0521,HE150268,GV000029,2023-10-20 10:00:00,8.2,2023-10-21 15:00:00
SUB0522,HE150268,GV000073,2023-10-20 10:00:00,7.0,2023-10-21 15:00:00
SUB0523,HE150269,GV000006,2023-10-20 10:00:00,2.2,2023-10-21 15:00:00
SUB0524,HE150269,GV000040,2023-10-20 10:00:00,4.6,2023-10-21 15:00:00
SUB0525,HE150270,GV000071,2023-10-20 10:00:00,0.4,2023-10-21 15:00:00
SUB0526,HE150270,GV000037,2023-10-20 10:00:00,8.5,2023-10-21 15:00:00
SUB0527,HE150270,GV000066,2023-10-20 10:00:00,1.5,2023-10-21 15:00:00
SUB0528,HE150271,GV000054,2023-10-20 10:00:00,4.5,2023-10-21 15:00:00
SUB0529,HE150272,GV000002,2023-10-20 10:00:00,4.6,2023-10-21 15:00:00
SUB0530,HE150273,GV000075,2023-10-20 10:00:00,2.9,2023-10-21 15:00:00
SUB0531,HE150274,GV000026,2023-10-20 10:00:00,3.2,2023-10-21 15:00:00
SUB0532,HE150274,GV000093,2023-10-20 10:00:00,5.6,2023-10-21 15:00:00
SUB0533,HE150275,GV000056,2023-10-20 10:00:00,7.7,2023-10-21 15:00:00
SUB0534,HE150276,GV000042,2023-10-20 10:00:00,2.9,2023-10-21 15:00:00
SUB0535,HE150277,GV000028,2023-10-20 10:00:00,4.5,2023-10-21 15:00:00
SUB0536,HE150277,GV000085,2023-10-20 10:00:00,0.0,2023-10-21 15:00:00
SUB0537,HE150277,GV000049,2023-10-20 10:00:00,1.4,2023-10-21 15:00:00
SUB0538,HE150278,GV000095,2023-10-20 10:00:00,6.3,2023-10-21 15:00:00
SUB0539,HE150278,GV000076,2023-10-20 10:00:00,8.6,2023-10-21 15:00:00
SUB0540,HE150278,GV000063,2023-10-20 10:00:00,4.9,2023-10-21 15:00:00
SUB0541,HE150279,GV000005,2023-10-20 10:00:00,8.3,2023-10-21 15:00:00
SUB0542,HE150279,GV000015,2023-10-20 10:00:00,3.6,2023-10-21 15:00:00
SUB0543,HE150280,GV000076,2023-10-20 10:00:00,3.4,2023-10-21 15:00:00
SUB0544,HE150280,GV000066,2023-10-20 10:00:00,6.7,2023-10-21 15:00:00
SUB0545,HE150281,GV000026,2023-10-20 10:00:00,6.3,2023-10-21 15:00:00
SUB0546,HE150281,GV000093,2023-10-20 10:00:00,6.0,2023-10-21 15:00:00
SUB0547,HE150282,GV000004,2023-10-20 10:00:00,9.1,2023-10-21 15:00:00
SUB0548,HE150283,GV000095,2023-10-20 10:00:00,4.3,2023-10-21 15:00:00
SUB0549,HE150284,GV000059,2023-10-20 10:00:00,0.8,2023-10-21 15:00:00
SUB0550,HE150285,GV000079,2023-10-20 10:00:00,6.1,2023-10-21 15:00:00
SUB0551,HE150285,GV000080,2023-10-20 10:00:00,3.3,2023-10-21 15:00:00
SUB0552,HE150286,GV000063,2023-10-20 10:00:00,8.9,2023-10-21 15:00:00
SUB0553,HE150287,GV000083,2023-10-20 10:00:00,7.7,2023-10-21 15:00:00
SUB0554,HE150287,GV000045,2023-10-20 10:00:00,4.3,2023-10-21 15:00:00
SUB0555,HE150288,GV000090,2023-10-20 10:00:00,6.9,2023-10-21 15:00:00
SUB0556,HE150289,GV000024,2023-10-20 10:00:00,7.9,2023-10-21 15:00:00
SUB0557,HE150289,GV000043,2023-10-20 10:00:00,2.6,2023-10-21 15:00:00
SUB0558,HE150289,GV000030,2023-10-20 10:00:00,7.1,2023-10-21 15:00:00
SUB0559,HE150290,GV000054,2023-10-20 10:00:00,2.4,2023-10-21 15:00:00
SUB0560,HE150290,GV000061,2023-10-20 10:00:00,2.1,2023-10-21 15:00:00
SUB0561,HE150291,GV000017,2023-10-20 10:00:00,2.1,2023-10-21 15:00:00
SUB0562,HE150291,GV000057,2023-10-20 10:00:00,7.0,2023-10-21 15:00:00
SUB0563,HE150292,GV000057,2023-10-20 10:00:00,2.9,2023-10-21 15:00:00
SUB0564,HE150292,GV000070,2023-10-20 10:00:00,6.1,2023-10-21 15:00:00
SUB0565,HE150293,GV000014,2023-10-20 10:00:00,9.7,2023-10-21 15:00:00
SUB0566,HE150293,GV000047,2023-10-20 10:00:00,4.6,2023-10-21 15:00:00
SUB0567,HE150294,GV000054,2023-10-20 10:00:00,4.9,2023-10-21 15:00:00
SUB0568,HE150294,GV000014,2023-10-20 10:00:00,7.5,2023-10-21 15:00:00
SUB0569,HE150295,GV000017,2023-10-20 10:00:00,4.5,2023-10-21 15:00:00
SUB0570,HE150295,GV000037,2023-10-20 10:00:00,1.6,2023-10-21 15:00:00
SUB0571,HE150296,GV000088,2023-10-20 10:00:00,7.5,2023-10-21 15:00:00
SUB0572,HE150296,GV000019,2023-10-20 10:00:00,0.9,2023-10-21 15:00:00
SUB0573,HE150297,GV000078,2023-10-20 10:00:00,0.7,2023-10-21 15:00:00
SUB0574,HE150297,GV000056,2023-10-20 10:00:00,8.9,2023-10-21 15:00:00
SUB0575,HE150298,GV000093,2023-10-20 10:00:00,3.2,2023-10-21 15:00:00
SUB0576,HE150299,GV000090,2023-10-20 10:00:00,5.2,2023-10-21 15:00:00
SUB0577,HE150299,GV000008,2023-10-20 10:00:00,3.8,2023-10-21 15:00:00
SUB0578,HE150299,GV000039,2023-10-20 10:00:00,1.6,2023-10-21 15:00:00
SUB0579,HE150300,GV000072,2023-10-20 10:00:00,4.3,2023-10-21 15:00:00
SUB0580,HE150300,GV000008,2023-10-20 10:00:00,8.4,2023-10-21 15:00:00
SUB0581,HE150300,GV000063,2023-10-20 10:00:00,3.5,2023-10-21 15:00:00
SUB0582,HE150301,GV000029,2023-10-20 10:00:00,5.8,2023-10-21 15:00:00
SUB0583,HE150301,GV000025,2023-10-20 10:00:00,6.3,2023-10-21 15:00:00
SUB0584,HE150301,GV000036,2023-10-20 10:00:00,8.4,2023-10-21 15:00:00
SUB0585,HE150302,GV000057,2023-10-20 10:00:00,0.9,2023-10-21 15:00:00
SUB0586,HE150303,GV000069,2023-10-20 10:00:00,1.9,2023-10-21 15:00:00
SUB0587,HE150303,GV000072,2023-10-20 10:00:00,2.9,2023-10-21 15:00:00
SUB0588,HE150304,GV000090,2023-10-20 10:00:00,0.0,2023-10-21 15:00:00
SUB0589,HE150305,GV000045,2023-10-20 10:00:00,9.4,2023-10-21 15:00:00
SUB0590,HE150305,GV000009,2023-10-20 10:00:00,2.3,2023-10-21 15:00:00
SUB0591,HE150306,GV000027,2023-10-20 10:00:00,9.0,2023-10-21 15:00:00
SUB0592,HE150306,GV000040,2023-10-20 10:00:00,4.5,2023-10-21 15:00:00
SUB0593,HE150307,GV000019,2023-10-20 10:00:00,9.4,2023-10-21 15:00:00
SUB0594,HE150307,GV000100,2023-10-20 10:00:00,5.5,2023-10-21 15:00:00
SUB0595,HE150307,GV000074,2023-10-20 10:00:00,7.5,2023-10-21 15:00:00
SUB0596,HE150308,GV000008,2023-10-20 10:00:00,4.0,2023-10-21 15:00:00
SUB0597,HE150308,GV000073,2023-10-20 10:00:00,2.2,2023-10-21 15:00:00
SUB0598,HE150308,GV000024,2023-10-20 10:00:00,1.2,2023-10-21 15:00:00
SUB0599,HE150309,GV000039,2023-10-20 10:00:00,5.1,2023-10-21 15:00:00
SUB0600,HE150309,GV000075,2023-10-20 10:00:00,0.2,2023-10-21 15:00:00
SUB0601,HE150310,GV000080,2023-10-20 10:00:00,2.2,2023-10-21 15:00:00
SUB0602,HE150310,GV000085,2023-10-20 10:00:00,0.3,2023-10-21 15:00:00
SUB0603,HE150311,GV000034,2023-10-20 10:00:00,4.3,2023-10-21 15:00:00
SUB0604,HE150311,GV000021,2023-10-20 10:00:00,7.0,2023-10-21 15:00:00
SUB0605,HE150311,GV000009,2023-10-20 10:00:00,5.7,2023-10-21 15:00:00
SUB0606,HE150312,GV000021,2023-10-20 10:00:00,5.0,2023-10-21 15:00:00
SUB0607,HE150312,GV000041,2023-10-20 10:00:00,9.2,2023-10-21 15:00:00
SUB0608,HE150313,GV000073,2023-10-20 10:00:00,5.9,2023-10-21 15:00:00
SUB0609,HE150313,GV000018,2023-10-20 10:00:00,2.1,2023-10-21 15:00:00
SUB0610,HE150314,GV000091,2023-10-20 10:00:00,9.1,2023-10-21 15:00:00
SUB0611,HE150314,GV000018,2023-10-20 10:00:00,8.5,2023-10-21 15:00:00
SUB0612,HE150315,GV000007,2023-10-20 10:00:00,3.7,2023-10-21 15:00:00
SUB0613,HE150315,GV000031,2023-10-20 10:00:00,7.1,2023-10-21 15:00:00
SUB0614,HE150316,GV000027,2023-10-20 10:00:00,0.9,2023-10-21 15:00:00
SUB0615,HE150316,GV000028,2023-10-20 10:00:00,7.5,2023-10-21 15:00:00
SUB0616,HE150316,GV000079,2023-10-20 10:00:00,4.9,2023-10-21 15:00:00
SUB0617,HE150317,GV000047,2023-10-20 10:00:00,7.7,2023-10-21 15:00:00
SUB0618,HE150317,GV000084,2023-10-20 10:00:00,9.5,2023-10-21 15:00:00
SUB0619,HE150318,GV000023,2023-10-20 10:00:00,0.4,2023-10-21 15:00:00
SUB0620,HE150319,GV000034,2023-10-20 10:00:00,2.9,2023-10-21 15:00:00
SUB0621,HE150319,GV000070,2023-10-20 10:00:00,9.3,2023-10-21 15:00:00
SUB0622,HE150319,GV000066,2023-10-20 10:00:00,9.4,2023-10-21 15:00:00
SUB0623,HE150320,GV000041,2023-10-20 10:00:00,5.8,2023-10-21 15:00:00
SUB0624,HE150320,GV000079,2023-10-20 10:00:00,9.0,2023-10-21 15:00:00
SUB0625,HE150321,GV000010,2023-10-20 10:00:00,6.8,2023-10-21 15:00:00
SUB0626,HE150321,GV000040,2023-10-20 10:00:00,6.0,2023-10-21 15:00:00
SUB0627,HE150322,GV000040,2023-10-20 10:00:00,9.7,2023-10-21 15:00:00
SUB0628,HE150322,GV000056,2023-10-20 10:00:00,4.4,2023-10-21 15:00:00
SUB0629,HE150322,GV000010,2023-10-20 10:00:00,0.7,2023-10-21 15:00:00
SUB0630,HE150323,GV000036,2023-10-20 10:00:00,7.9,2023-10-21 15:00:00
SUB0631,HE150324,GV000092,2023-10-20 10:00:00,1.5,2023-10-21 15:00:00
SUB0632,HE150324,GV000097,2023-10-20 10:00:00,9.9,2023-10-21 15:00:00
SUB0633,HE150325,GV000075,2023-10-20 10:00:00,7.4,2023-10-21 15:00:00
SUB0634,HE150325,GV000072,2023-10-20 10:00:00,1.4,2023-10-21 15:00:00
SUB0635,HE150325,GV000006,2023-10-20 10:00:00,3.7,2023-10-21 15:00:00
SUB0636,HE150326,GV000026,2023-10-20 10:00:00,8.4,2023-10-21 15:00:00
SUB0637,HE150326,GV000100,2023-10-20 10:00:00,4.0,2023-10-21 15:00:00
SUB0638,HE150326,GV000075,2023-10-20 10:00:00,5.3,2023-10-21 15:00:00
SUB0639,HE150327,GV000023,2023-10-20 10:00:00,1.8,2023-10-21 15:00:00
SUB0640,HE150327,GV000025,2023-10-20 10:00:00,1.1,2023-10-21 15:00:00
SUB0641,HE150328,GV000034,2023-10-20 10:00:00,9.0,2023-10-21 15:00:00
SUB0642,HE150328,GV000006,2023-10-20 10:00:00,9.1,2023-10-21 15:00:00
SUB0643,HE150328,GV000014,2023-10-20 10:00:00,2.7,2023-10-21 15:00:00
SUB0644,HE150329,GV000046,2023-10-20 10:00:00,9.3,2023-10-21 15:00:00
SUB0645,HE150329,GV000044,2023-10-20 10:00:00,4.8,2023-10-21 15:00:00
SUB0646,HE150330,GV000006,2023-10-20 10:00:00,1.7,2023-10-21 15:00:00
SUB0647,HE150330,GV000037,2023-10-20 10:00:00,1.2,2023-10-21 15:00:00
SUB0648,HE150331,GV000015,2023-10-20 10:00:00,4.3,2023-10-21 15:00:00
SUB0649,HE150331,GV000075,2023-10-20 10:00:00,4.4,2023-10-21 15:00:00
SUB0650,HE150332,GV000031,2023-10-20 10:00:00,2.6,2023-10-21 15:00:00
SUB0651,HE150332,GV000015,2023-10-20 10:00:00,2.7,2023-10-21 15:00:00
SUB0652,HE150333,GV000009,2023-10-20 10:00:00,9.6,2023-10-21 15:00:00
SUB0653,HE150333,GV000023,2023-10-20 10:00:00,8.7,2023-10-21 15:00:00
SUB0654,HE150333,GV000094,2023-10-20 10:00:00,8.8,2023-10-21 15:00:00
SUB0655,HE150334,GV000021,2023-10-20 10:00:00,1.3,2023-10-21 15:00:00
SUB0656,HE150335,GV000069,2023-10-20 10:00:00,7.1,2023-10-21 15:00:00
SUB0657,HE150335,GV000025,2023-10-20 10:00:00,1.4,2023-10-21 15:00:00
SUB0658,HE150336,GV000022,2023-10-20 10:00:00,2.7,2023-10-21 15:00:00
SUB0659,HE150336,GV000049,2023-10-20 10:00:00,2.1,2023-10-21 15:00:00
SUB0660,HE150336,GV000002,2023-10-20 10:00:00,2.9,2023-10-21 15:00:00
SUB0661,HE150337,GV000034,2023-10-20 10:00:00,7.4,2023-10-21 15:00:00
SUB0662,HE150337,GV000054,2023-10-20 10:00:00,6.6,2023-10-21 15:00:00
SUB0663,HE150338,GV000085,2023-10-20 10:00:00,5.5,2023-10-21 15:00:00
SUB0664,HE150338,GV000056,2023-10-20 10:00:00,9.8,2023-10-21 15:00:00
SUB0665,HE150339,GV000011,2023-10-20 10:00:00,4.5,2023-10-21 15:00:00
SUB0666,HE150340,GV000050,2023-10-20 10:00:00,2.5,2023-10-21 15:00:00
SUB0667,HE150340,GV000059,2023-10-20 10:00:00,2.4,2023-10-21 15:00:00
SUB0668,HE150340,GV000095,2023-10-20 10:00:00,6.0,2023-10-21 15:00:00
SUB0669,HE150341,GV000061,2023-10-20 10:00:00,3.1,2023-10-21 15:00:00
SUB0670,HE150341,GV000083,2023-10-20 10:00:00,7.2,2023-10-21 15:00:00
SUB0671,HE150342,GV000084,2023-10-20 10:00:00,5.9,2023-10-21 15:00:00
SUB0672,HE150342,GV000060,2023-10-20 10:00:00,1.6,2023-10-21 15:00:00
SUB0673,HE150342,GV000012,2023-10-20 10:00:00,6.7,2023-10-21 15:00:00
SUB0674,HE150343,GV000093,2023-10-20 10:00:00,3.7,2023-10-21 15:00:00
SUB0675,HE150343,GV000094,2023-10-20 10:00:00,9.2,2023-10-21 15:00:00
SUB0676,HE150343,GV000008,2023-10-20 10:00:00,5.9,2023-10-21 15:00:00
SUB0677,HE150344,GV000082,2023-10-20 10:00:00,3.4,2023-10-21 15:00:00
SUB0678,HE150344,GV000008,2023-10-20 10:00:00,2.2,2023-10-21 15:00:00
SUB0679,HE150345,GV000061,2023-10-20 10:00:00,9.5,2023-10-21 15:00:00
SUB0680,HE150346,GV000099,2023-10-20 10:00:00,5.3,2023-10-21 15:00:00
SUB0681,HE150347,GV000056,2023-10-20 10:00:00,6.2,2023-10-21 15:00:00
SUB0682,HE150347,GV000081,2023-10-20 10:00:00,9.2,2023-10-21 15:00:00
SUB0683,HE150347,GV000031,2023-10-20 10:00:00,0.6,2023-10-21 15:00:00
SUB0684,HE150348,GV000085,2023-10-20 10:00:00,7.0,2023-10-21 15:00:00
SUB0685,HE150348,GV000030,2023-10-20 10:00:00,4.1,2023-10-21 15:00:00
SUB0686,HE150348,GV000005,2023-10-20 10:00:00,1.7,2023-10-21 15:00:00
SUB0687,HE150349,GV000066,2023-10-20 10:00:00,0.7,2023-10-21 15:00:00
SUB0688,HE150349,GV000060,2023-10-20 10:00:00,7.1,2023-10-21 15:00:00
SUB0689,HE150349,GV000011,2023-10-20 10:00:00,6.9,2023-10-21 15:00:00
SUB0690,HE150350,GV000016,2023-10-20 10:00:00,4.1,2023-10-21 15:00:00
SUB0691,HE150350,GV000003,2023-10-20 10:00:00,6.4,2023-10-21 15:00:00
SUB0692,HE150350,GV000048,2023-10-20 10:00:00,2.7,2023-10-21 15:00:00
SUB0693,HE150351,GV000019,2023-10-20 10:00:00,6.6,2023-10-21 15:00:00
SUB0694,HE150351,GV000100,2023-10-20 10:00:00,6.4,2023-10-21 15:00:00
SUB0695,HE150352,GV000098,2023-10-20 10:00:00,1.4,2023-10-21 15:00:00
SUB0696,HE150353,GV000004,2023-10-20 10:00:00,4.2,2023-10-21 15:00:00
SUB0697,HE150354,GV000022,2023-10-20 10:00:00,6.5,2023-10-21 15:00:00
SUB0698,HE150354,GV000019,2023-10-20 10:00:00,5.7,2023-10-21 15:00:00
SUB0699,HE150354,GV000025,2023-10-20 10:00:00,9.6,2023-10-21 15:00:00
SUB0700,HE150355,GV000028,2023-10-20 10:00:00,9.1,2023-10-21 15:00:00
SUB0701,HE150355,GV000042,2023-10-20 10:00:00,2.6,2023-10-21 15:00:00
SUB0702,HE150356,GV000069,2023-10-20 10:00:00,6.0,2023-10-21 15:00:00
SUB0703,HE150356,GV000008,2023-10-20 10:00:00,2.5,2023-10-21 15:00:00
SUB0704,HE150356,GV000016,2023-10-20 10:00:00,4.7,2023-10-21 15:00:00
SUB0705,HE150357,GV000066,2023-10-20 10:00:00,9.1,2023-10-21 15:00:00
SUB0706,HE150357,GV000077,2023-10-20 10:00:00,8.6,2023-10-21 15:00:00
SUB0707,HE150357,GV000044,2023-10-20 10:00:00,4.6,2023-10-21 15:00:00
SUB0708,HE150358,GV000032,2023-10-20 10:00:00,8.6,2023-10-21 15:00:00
SUB0709,HE150359,GV000066,2023-10-20 10:00:00,0.8,2023-10-21 15:00:00
SUB0710,HE150359,GV000020,2023-10-20 10:00:00,5.0,2023-10-21 15:00:00
SUB0711,HE150359,GV000009,2023-10-20 10:00:00,2.5,2023-10-21 15:00:00
SUB0712,HE150360,GV000075,2023-10-20 10:00:00,4.5,2023-10-21 15:00:00
SUB0713,HE150360,GV000010,2023-10-20 10:00:00,4.0,2023-10-21 15:00:00
SUB0714,HE150360,GV000067,2023-10-20 10:00:00,2.3,2023-10-21 15:00:00
SUB0715,HE150361,GV000079,2023-10-20 10:00:00,1.5,2023-10-21 15:00:00
SUB0716,HE150361,GV000026,2023-10-20 10:00:00,4.0,2023-10-21 15:00:00
SUB0717,HE150361,GV000019,2023-10-20 10:00:00,4.5,2023-10-21 15:00:00
SUB0718,HE150362,GV000075,2023-10-20 10:00:00,8.3,2023-10-21 15:00:00
SUB0719,HE150363,GV000024,2023-10-20 10:00:00,7.1,2023-10-21 15:00:00
SUB0720,HE150363,GV000013,2023-10-20 10:00:00,9.4,2023-10-21 15:00:00
SUB0721,HE150364,GV000026,2023-10-20 10:00:00,2.9,2023-10-21 15:00:00
SUB0722,HE150364,GV000004,2023-10-20 10:00:00,7.2,2023-10-21 15:00:00
SUB0723,HE150365,GV000053,2023-10-20 10:00:00,3.0,2023-10-21 15:00:00
SUB0724,HE150365,GV000057,2023-10-20 10:00:00,1.8,2023-10-21 15:00:00
SUB0725,HE150366,GV000019,2023-10-20 10:00:00,4.0,2023-10-21 15:00:00
SUB0726,HE150366,GV000073,2023-10-20 10:00:00,4.3,2023-10-21 15:00:00
SUB0727,HE150366,GV000039,2023-10-20 10:00:00,3.8,2023-10-21 15:00:00
SUB0728,HE150367,GV000007,2023-10-20 10:00:00,4.1,2023-10-21 15:00:00
SUB0729,HE150367,GV000079,2023-10-20 10:00:00,2.2,2023-10-21 15:00:00
SUB0730,HE150368,GV000039,2023-10-20 10:00:00,1.6,2023-10-21 15:00:00
SUB0731,HE150368,GV000008,2023-10-20 10:00:00,7.0,2023-10-21 15:00:00
SUB0732,HE150369,GV000035,2023-10-20 10:00:00,2.9,2023-10-21 15:00:00
SUB0733,HE150369,GV000066,2023-10-20 10:00:00,5.2,2023-10-21 15:00:00
SUB0734,HE150369,GV000033,2023-10-20 10:00:00,7.6,2023-10-21 15:00:00
SUB0735,HE150370,GV000068,2023-10-20 10:00:00,7.2,2023-10-21 15:00:00
SUB0736,HE150371,GV000067,2023-10-20 10:00:00,7.6,2023-10-21 15:00:00
SUB0737,HE150371,GV000016,2023-10-20 10:00:00,6.3,2023-10-21 15:00:00
SUB0738,HE150371,GV000095,2023-10-20 10:00:00,4.2,2023-10-21 15:00:00
SUB0739,HE150372,GV000073,2023-10-20 10:00:00,6.3,2023-10-21 15:00:00
SUB0740,HE150373,GV000085,2023-10-20 10:00:00,2.1,2023-10-21 15:00:00
SUB0741,HE150373,GV000020,2023-10-20 10:00:00,0.8,2023-10-21 15:00:00
SUB0742,HE150373,GV000014,2023-10-20 10:00:00,0.2,2023-10-21 15:00:00
SUB0743,HE150374,GV000016,2023-10-20 10:00:00,7.0,2023-10-21 15:00:00
SUB0744,HE150375,GV000069,2023-10-20 10:00:00,9.0,2023-10-21 15:00:00
SUB0745,HE150375,GV000040,2023-10-20 10:00:00,9.6,2023-10-21 15:00:00
SUB0746,HE150376,GV000051,2023-10-20 10:00:00,7.2,2023-10-21 15:00:00
SUB0747,HE150376,GV000073,2023-10-20 10:00:00,6.6,2023-10-21 15:00:00
SUB0748,HE150376,GV000002,2023-10-20 10:00:00,0.2,2023-10-21 15:00:00
SUB0749,HE150377,GV000052,2023-10-20 10:00:00,9.8,2023-10-21 15:00:00
SUB0750,HE150377,GV000095,2023-10-20 10:00:00,0.0,2023-10-21 15:00:00
SUB0751,HE150378,GV000025,2023-10-20 10:00:00,5.5,2023-10-21 15:00:00
SUB0752,HE150379,GV000035,2023-10-20 10:00:00,4.6,2023-10-21 15:00:00
SUB0753,HE150379,GV000031,2023-10-20 10:00:00,1.7,2023-10-21 15:00:00
SUB0754,HE150380,GV000011,2023-10-20 10:00:00,3.7,2023-10-21 15:00:00
SUB0755,HE150380,GV000056,2023-10-20 10:00:00,2.7,2023-10-21 15:00:00
SUB0756,HE150381,GV000036,2023-10-20 10:00:00,1.3,2023-10-21 15:00:00
SUB0757,HE150381,GV000040,2023-10-20 10:00:00,8.0,2023-10-21 15:00:00
SUB0758,HE150381,GV000021,2023-10-20 10:00:00,1.1,2023-10-21 15:00:00
SUB0759,HE150382,GV000048,2023-10-20 10:00:00,9.4,2023-10-21 15:00:00
SUB0760,HE150383,GV000083,2023-10-20 10:00:00,2.4,2023-10-21 15:00:00
SUB0761,HE150384,GV000026,2023-10-20 10:00:00,7.5,2023-10-21 15:00:00
SUB0762,HE150384,GV000041,2023-10-20 10:00:00,1.3,2023-10-21 15:00:00
SUB0763,HE150384,GV000066,2023-10-20 10:00:00,10.0,2023-10-21 15:00:00
SUB0764,HE150385,GV000081,2023-10-20 10:00:00,1.5,2023-10-21 15:00:00
SUB0765,HE150386,GV000036,2023-10-20 10:00:00,1.3,2023-10-21 15:00:00
SUB0766,HE150386,GV000045,2023-10-20 10:00:00,5.5,2023-10-21 15:00:00
SUB0767,HE150386,GV000028,2023-10-20 10:00:00,7.1,2023-10-21 15:00:00
SUB0768,HE150387,GV000022,2023-10-20 10:00:00,5.9,2023-10-21 15:00:00
SUB0769,HE150388,GV000085,2023-10-20 10:00:00,1.8,2023-10-21 15:00:00
SUB0770,HE150388,GV000043,2023-10-20 10:00:00,4.7,2023-10-21 15:00:00
SUB0771,HE150388,GV000070,2023-10-20 10:00:00,1.7,2023-10-21 15:00:00
SUB0772,HE150389,GV000079,2023-10-20 10:00:00,1.7,2023-10-21 15:00:00
SUB0773,HE150389,GV000042,2023-10-20 10:00:00,2.2,2023-10-21 15:00:00
SUB0774,HE150390,GV000084,2023-10-20 10:00:00,3.4,2023-10-21 15:00:00
SUB0775,HE150390,GV000040,2023-10-20 10:00:00,0.2,2023-10-21 15:00:00
SUB0776,HE150390,GV000057,2023-10-20 10:00:00,7.9,2023-10-21 15:00:00
SUB0777,HE150391,GV000039,2023-10-20 10:00:00,0.9,2023-10-21 15:00:00
SUB0778,HE150391,GV000065,2023-10-20 10:00:00,5.5,2023-10-21 15:00:00
SUB0779,HE150391,GV000047,2023-10-20 10:00:00,8.5,2023-10-21 15:00:00
SUB0780,HE150392,GV000094,2023-10-20 10:00:00,1.2,2023-10-21 15:00:00
SUB0781,HE150392,GV000064,2023-10-20 10:00:00,0.8,2023-10-21 15:00:00
SUB0782,HE150392,GV000054,2023-10-20 10:00:00,6.9,2023-10-21 15:00:00
SUB0783,HE150393,GV000014,2023-10-20 10:00:00,1.4,2023-10-21 15:00:00
SUB0784,HE150393,GV000003,2023-10-20 10:00:00,7.0,2023-10-21 15:00:00
SUB0785,HE150393,GV000075,2023-10-20 10:00:00,1.1,2023-10-21 15:00:00
SUB0786,HE150394,GV000065,2023-10-20 10:00:00,1.9,2023-10-21 15:00:00
SUB0787,HE150395,GV000037,2023-10-20 10:00:00,1.1,2023-10-21 15:00:00
SUB0788,HE150395,GV000050,2023-10-20 10:00:00,6.6,2023-10-21 15:00:00
SUB0789,HE150395,GV000068,2023-10-20 10:00:00,2.7,2023-10-21 15:00:00
SUB0790,HE150396,GV000033,2023-10-20 10:00:00,6.7,2023-10-21 15:00:00
SUB0791,HE150396,GV000097,2023-10-20 10:00:00,8.4,2023-10-21 15:00:00
SUB0792,HE150397,GV000068,2023-10-20 10:00:00,9.4,2023-10-21 15:00:00
SUB0793,HE150398,GV000031,2023-10-20 10:00:00,3.7,2023-10-21 15:00:00
SUB0794,HE150398,GV000077,2023-10-20 10:00:00,6.5,2023-10-21 15:00:00
SUB0795,HE150398,GV000011,2023-10-20 10:00:00,7.2,2023-10-21 15:00:00
SUB0796,HE150399,GV000035,2023-10-20 10:00:00,1.5,2023-10-21 15:00:00
SUB0797,HE150400,GV000075,2023-10-20 10:00:00,0.5,2023-10-21 15:00:00
SUB0798,HE150400,GV000024,2023-10-20 10:00:00,7.7,2023-10-21 15:00:00
SUB0799,HE150400,GV000063,2023-10-20 10:00:00,4.5,2023-10-21 15:00:00
SUB0800,HE150401,GV000085,2023-10-20 10:00:00,10.0,2023-10-21 15:00:00
SUB0801,HE150401,GV000002,2023-10-20 10:00:00,3.7,2023-10-21 15:00:00
SUB0802,HE150402,GV000095,2023-10-20 10:00:00,3.4,2023-10-21 15:00:00
SUB0803,HE150403,GV000050,2023-10-20 10:00:00,6.1,2023-10-21 15:00:00
SUB0804,HE150404,GV000020,2023-10-20 10:00:00,0.8,2023-10-21 15:00:00
SUB0805,HE150404,GV000021,2023-10-20 10:00:00,8.4,2023-10-21 15:00:00
SUB0806,HE150404,GV000079,2023-10-20 10:00:00,5.2,2023-10-21 15:00:00
SUB0807,HE150405,GV000077,2023-10-20 10:00:00,7.3,2023-10-21 15:00:00
SUB0808,HE150405,GV000057,2023-10-20 10:00:00,0.8,2023-10-21 15:00:00
SUB0809,HE150405,GV000019,2023-10-20 10:00:00,4.4,2023-10-21 15:00:00
SUB0810,HE150406,GV000053,2023-10-20 10:00:00,6.9,2023-10-21 15:00:00
SUB0811,HE150407,GV000021,2023-10-20 10:00:00,2.9,2023-10-21 15:00:00
SUB0812,HE150408,GV000067,2023-10-20 10:00:00,7.5,2023-10-21 15:00:00
SUB0813,HE150409,GV000022,2023-10-20 10:00:00,9.6,2023-10-21 15:00:00
SUB0814,HE150409,GV000058,2023-10-20 10:00:00,1.7,2023-10-21 15:00:00
SUB0815,HE150409,GV000017,2023-10-20 10:00:00,0.5,2023-10-21 15:00:00
SUB0816,HE150410,GV000019,2023-10-20 10:00:00,7.9,2023-10-21 15:00:00
SUB0817,HE150411,GV000073,2023-10-20 10:00:00,6.6,2023-10-21 15:00:00
SUB0818,HE150411,GV000083,2023-10-20 10:00:00,1.5,2023-10-21 15:00:00
SUB0819,HE150411,GV000085,2023-10-20 10:00:00,2.9,2023-10-21 15:00:00
SUB0820,HE150412,GV000070,2023-10-20 10:00:00,5.3,2023-10-21 15:00:00
SUB0821,HE150412,GV000048,2023-10-20 10:00:00,1.2,2023-10-21 15:00:00
SUB0822,HE150413,GV000006,2023-10-20 10:00:00,2.2,2023-10-21 15:00:00
SUB0823,HE150413,GV000066,2023-10-20 10:00:00,8.1,2023-10-21 15:00:00
SUB0824,HE150413,GV000088,2023-10-20 10:00:00,8.3,2023-10-21 15:00:00
SUB0825,HE150414,GV000093,2023-10-20 10:00:00,4.1,2023-10-21 15:00:00
SUB0826,HE150414,GV000098,2023-10-20 10:00:00,2.6,2023-10-21 15:00:00
SUB0827,HE150415,GV000026,2023-10-20 10:00:00,3.9,2023-10-21 15:00:00
SUB0828,HE150415,GV000041,2023-10-20 10:00:00,3.6,2023-10-21 15:00:00
SUB0829,HE150416,GV000085,2023-10-20 10:00:00,8.6,2023-10-21 15:00:00
SUB0830,HE150416,GV000058,2023-10-20 10:00:00,8.6,2023-10-21 15:00:00
SUB0831,HE150416,GV000015,2023-10-20 10:00:00,6.0,2023-10-21 15:00:00
SUB0832,HE150417,GV000050,2023-10-20 10:00:00,4.5,2023-10-21 15:00:00
SUB0833,HE150417,GV000048,2023-10-20 10:00:00,4.2,2023-10-21 15:00:00
SUB0834,HE150417,GV000023,2023-10-20 10:00:00,9.9,2023-10-21 15:00:00
SUB0835,HE150418,GV000014,2023-10-20 10:00:00,4.5,2023-10-21 15:00:00
SUB0836,HE150418,GV000064,2023-10-20 10:00:00,7.1,2023-10-21 15:00:00
SUB0837,HE150418,GV000013,2023-10-20 10:00:00,1.8,2023-10-21 15:00:00
SUB0838,HE150419,GV000074,2023-10-20 10:00:00,1.1,2023-10-21 15:00:00
SUB0839,HE150420,GV000004,2023-10-20 10:00:00,1.3,2023-10-21 15:00:00
SUB0840,HE150420,GV000080,2023-10-20 10:00:00,9.0,2023-10-21 15:00:00
SUB0841,HE150420,GV000029,2023-10-20 10:00:00,3.3,2023-10-21 15:00:00
SUB0842,HE150421,GV000003,2023-10-20 10:00:00,7.2,2023-10-21 15:00:00
SUB0843,HE150421,GV000036,2023-10-20 10:00:00,2.6,2023-10-21 15:00:00
SUB0844,HE150421,GV000034,2023-10-20 10:00:00,6.1,2023-10-21 15:00:00
SUB0845,HE150422,GV000006,2023-10-20 10:00:00,3.9,2023-10-21 15:00:00
SUB0846,HE150423,GV000075,2023-10-20 10:00:00,3.5,2023-10-21 15:00:00
SUB0847,HE150423,GV000084,2023-10-20 10:00:00,9.7,2023-10-21 15:00:00
SUB0848,HE150423,GV000030,2023-10-20 10:00:00,5.7,2023-10-21 15:00:00
SUB0849,HE150424,GV000095,2023-10-20 10:00:00,4.4,2023-10-21 15:00:00
SUB0850,HE150424,GV000036,2023-10-20 10:00:00,4.4,2023-10-21 15:00:00
SUB0851,HE150425,GV000059,2023-10-20 10:00:00,5.5,2023-10-21 15:00:00
SUB0852,HE150426,GV000007,2023-10-20 10:00:00,6.4,2023-10-21 15:00:00
SUB0853,HE150426,GV000045,2023-10-20 10:00:00,8.4,2023-10-21 15:00:00
SUB0854,HE150426,GV000018,2023-10-20 10:00:00,7.9,2023-10-21 15:00:00
SUB0855,HE150427,GV000095,2023-10-20 10:00:00,1.8,2023-10-21 15:00:00
SUB0856,HE150427,GV000064,2023-10-20 10:00:00,0.8,2023-10-21 15:00:00
SUB0857,HE150428,GV000057,2023-10-20 10:00:00,5.2,2023-10-21 15:00:00
SUB0858,HE150428,GV000060,2023-10-20 10:00:00,2.9,2023-10-21 15:00:00
SUB0859,HE150428,GV000085,2023-10-20 10:00:00,3.2,2023-10-21 15:00:00
SUB0860,HE150429,GV000027,2023-10-20 10:00:00,0.4,2023-10-21 15:00:00
SUB0861,HE150430,GV000017,2023-10-20 10:00:00,3.1,2023-10-21 15:00:00
SUB0862,HE150430,GV000031,2023-10-20 10:00:00,1.3,2023-10-21 15:00:00
SUB0863,HE150430,GV000018,2023-10-20 10:00:00,2.3,2023-10-21 15:00:00
SUB0864,HE150431,GV000045,2023-10-20 10:00:00,0.7,2023-10-21 15:00:00
SUB0865,HE150431,GV000081,2023-10-20 10:00:00,4.0,2023-10-21 15:00:00
SUB0866,HE150432,GV000021,2023-10-20 10:00:00,1.7,2023-10-21 15:00:00
SUB0867,HE150432,GV000045,2023-10-20 10:00:00,8.6,2023-10-21 15:00:00
SUB0868,HE150432,GV000086,2023-10-20 10:00:00,2.7,2023-10-21 15:00:00
SUB0869,HE150433,GV000035,2023-10-20 10:00:00,9.5,2023-10-21 15:00:00
SUB0870,HE150433,GV000036,2023-10-20 10:00:00,5.1,2023-10-21 15:00:00
SUB0871,HE150434,GV000021,2023-10-20 10:00:00,1.0,2023-10-21 15:00:00
SUB0872,HE150434,GV000036,2023-10-20 10:00:00,4.6,2023-10-21 15:00:00
SUB0873,HE150434,GV000015,2023-10-20 10:00:00,5.9,2023-10-21 15:00:00
SUB0874,HE150435,GV000093,2023-10-20 10:00:00,3.3,2023-10-21 15:00:00
SUB0875,HE150435,GV000011,2023-10-20 10:00:00,6.1,2023-10-21 15:00:00
SUB0876,HE150435,GV000059,2023-10-20 10:00:00,7.8,2023-10-21 15:00:00
SUB0877,HE150436,GV000072,2023-10-20 10:00:00,9.6,2023-10-21 15:00:00
SUB0878,HE150436,GV000099,2023-10-20 10:00:00,2.6,2023-10-21 15:00:00
SUB0879,HE150436,GV000016,2023-10-20 10:00:00,8.4,2023-10-21 15:00:00
SUB0880,HE150437,GV000040,2023-10-20 10:00:00,8.8,2023-10-21 15:00:00
SUB0881,HE150437,GV000063,2023-10-20 10:00:00,4.4,2023-10-21 15:00:00
SUB0882,HE150438,GV000033,2023-10-20 10:00:00,6.3,2023-10-21 15:00:00
SUB0883,HE150438,GV000025,2023-10-20 10:00:00,0.7,2023-10-21 15:00:00
SUB0884,HE150439,GV000014,2023-10-20 10:00:00,9.4,2023-10-21 15:00:00
SUB0885,HE150440,GV000094,2023-10-20 10:00:00,8.5,2023-10-21 15:00:00
SUB0886,HE150440,GV000094,2023-10-20 10:00:00,5.4,2023-10-21 15:00:00
SUB0887,HE150440,GV000012,2023-10-20 10:00:00,3.1,2023-10-21 15:00:00
SUB0888,HE150441,GV000006,2023-10-20 10:00:00,6.3,2023-10-21 15:00:00
SUB0889,HE150442,GV000011,2023-10-20 10:00:00,3.5,2023-10-21 15:00:00
SUB0890,HE150443,GV000093,2023-10-20 10:00:00,8.2,2023-10-21 15:00:00
SUB0891,HE150443,GV000008,2023-10-20 10:00:00,0.4,2023-10-21 15:00:00
SUB0892,HE150444,GV000034,2023-10-20 10:00:00,6.7,2023-10-21 15:00:00
SUB0893,HE150444,GV000030,2023-10-20 10:00:00,5.7,2023-10-21 15:00:00
SUB0894,HE150445,GV000050,2023-10-20 10:00:00,0.9,2023-10-21 15:00:00
SUB0895,HE150445,GV000093,2023-10-20 10:00:00,5.0,2023-10-21 15:00:00
SUB0896,HE150445,GV000097,2023-10-20 10:00:00,5.7,2023-10-21 15:00:00
SUB0897,HE150446,GV000034,2023-10-20 10:00:00,7.5,2023-10-21 15:00:00
SUB0898,HE150446,GV000043,2023-10-20 10:00:00,9.7,2023-10-21 15:00:00
SUB0899,HE150446,GV000014,2023-10-20 10:00:00,9.1,2023-10-21 15:00:00
SUB0900,HE150447,GV000041,2023-10-20 10:00:00,6.8,2023-10-21 15:00:00
SUB0901,HE150447,GV000014,2023-10-20 10:00:00,7.2,2023-10-21 15:00:00
SUB0902,HE150448,GV000094,2023-10-20 10:00:00,0.9,2023-10-21 15:00:00
SUB0903,HE150449,GV000062,2023-10-20 10:00:00,8.1,2023-10-21 15:00:00
SUB0904,HE150449,GV000041,2023-10-20 10:00:00,5.1,2023-10-21 15:00:00
SUB0905,HE150450,GV000094,2023-10-20 10:00:00,2.9,2023-10-21 15:00:00
SUB0906,HE150450,GV000001,2023-10-20 10:00:00,0.7,2023-10-21 15:00:00
SUB0907,HE150450,GV000085,2023-10-20 10:00:00,6.4,2023-10-21 15:00:00
SUB0908,HE150451,GV000031,2023-10-20 10:00:00,4.6,2023-10-21 15:00:00
SUB0909,HE150452,GV000058,2023-10-20 10:00:00,5.0,2023-10-21 15:00:00
SUB0910,HE150452,GV000034,2023-10-20 10:00:00,2.8,2023-10-21 15:00:00
SUB0911,HE150453,GV000039,2023-10-20 10:00:00,1.4,2023-10-21 15:00:00
SUB0912,HE150453,GV000003,2023-10-20 10:00:00,2.7,2023-10-21 15:00:00
SUB0913,HE150454,GV000055,2023-10-20 10:00:00,2.5,2023-10-21 15:00:00
SUB0914,HE150454,GV000055,2023-10-20 10:00:00,2.8,2023-10-21 15:00:00
SUB0915,HE150455,GV000014,2023-10-20 10:00:00,3.4,2023-10-21 15:00:00
SUB0916,HE150455,GV000009,2023-10-20 10:00:00,3.0,2023-10-21 15:00:00
SUB0917,HE150456,GV000019,2023-10-20 10:00:00,0.4,2023-10-21 15:00:00
SUB0918,HE150456,GV000008,2023-10-20 10:00:00,2.9,2023-10-21 15:00:00
SUB0919,HE150457,GV000056,2023-10-20 10:00:00,8.8,2023-10-21 15:00:00
SUB0920,HE150458,GV000074,2023-10-20 10:00:00,0.1,2023-10-21 15:00:00
SUB0921,HE150458,GV000003,2023-10-20 10:00:00,9.1,2023-10-21 15:00:00
SUB0922,HE150458,GV000093,2023-10-20 10:00:00,10.0,2023-10-21 15:00:00
SUB0923,HE150459,GV000085,2023-10-20 10:00:00,5.8,2023-10-21 15:00:00
SUB0924,HE150459,GV000068,2023-10-20 10:00:00,6.5,2023-10-21 15:00:00
SUB0925,HE150459,GV000050,2023-10-20 10:00:00,9.2,2023-10-21 15:00:00
SUB0926,HE150460,GV000059,2023-10-20 10:00:00,4.1,2023-10-21 15:00:00
SUB0927,HE150460,GV000044,2023-10-20 10:00:00,2.3,2023-10-21 15:00:00
SUB0928,HE150460,GV000081,2023-10-20 10:00:00,5.9,2023-10-21 15:00:00
SUB0929,HE150461,GV000041,2023-10-20 10:00:00,1.6,2023-10-21 15:00:00
SUB0930,HE150462,GV000063,2023-10-20 10:00:00,7.9,2023-10-21 15:00:00
SUB0931,HE150462,GV000059,2023-10-20 10:00:00,0.3,2023-10-21 15:00:00
SUB0932,HE150463,GV000094,2023-10-20 10:00:00,3.7,2023-10-21 15:00:00
SUB0933,HE150464,GV000002,2023-10-20 10:00:00,6.5,2023-10-21 15:00:00
SUB0934,HE150464,GV000022,2023-10-20 10:00:00,5.3,2023-10-21 15:00:00
SUB0935,HE150464,GV000090,2023-10-20 10:00:00,4.1,2023-10-21 15:00:00
SUB0936,HE150465,GV000054,2023-10-20 10:00:00,8.5,2023-10-21 15:00:00
SUB0937,HE150465,GV000092,2023-10-20 10:00:00,3.6,2023-10-21 15:00:00
SUB0938,HE150466,GV000011,2023-10-20 10:00:00,2.8,2023-10-21 15:00:00
SUB0939,HE150467,GV000099,2023-10-20 10:00:00,7.1,2023-10-21 15:00:00
SUB0940,HE150468,GV000033,2023-10-20 10:00:00,4.5,2023-10-21 15:00:00
SUB0941,HE150469,GV000079,2023-10-20 10:00:00,7.3,2023-10-21 15:00:00
SUB0942,HE150470,GV000021,2023-10-20 10:00:00,9.4,2023-10-21 15:00:00
SUB0943,HE150471,GV000006,2023-10-20 10:00:00,6.1,2023-10-21 15:00:00
SUB0944,HE150471,GV000025,2023-10-20 10:00:00,0.2,2023-10-21 15:00:00
SUB0945,HE150472,GV000023,2023-10-20 10:00:00,2.3,2023-10-21 15:00:00
SUB0946,HE150473,GV000047,2023-10-20 10:00:00,5.2,2023-10-21 15:00:00
SUB0947,HE150473,GV000025,2023-10-20 10:00:00,1.6,2023-10-21 15:00:00
SUB0948,HE150473,GV000035,2023-10-20 10:00:00,6.0,2023-10-21 15:00:00
SUB0949,HE150474,GV000063,2023-10-20 10:00:00,3.1,2023-10-21 15:00:00
SUB0950,HE150475,GV000031,2023-10-20 10:00:00,8.6,2023-10-21 15:00:00
SUB0951,HE150475,GV000054,2023-10-20 10:00:00,0.4,2023-10-21 15:00:00
SUB0952,HE150475,GV000026,2023-10-20 10:00:00,3.7,2023-10-21 15:00:00
SUB0953,HE150476,GV000068,2023-10-20 10:00:00,7.7,2023-10-21 15:00:00
SUB0954,HE150476,GV000014,2023-10-20 10:00:00,5.3,2023-10-21 15:00:00
SUB0955,HE150476,GV000042,2023-10-20 10:00:00,0.5,2023-10-21 15:00:00
SUB0956,HE150477,GV000047,2023-10-20 10:00:00,2.7,2023-10-21 15:00:00
SUB0957,HE150477,GV000081,2023-10-20 10:00:00,7.9,2023-10-21 15:00:00
SUB0958,HE150478,GV000020,2023-10-20 10:00:00,3.5,2023-10-21 15:00:00
SUB0959,HE150479,GV000070,2023-10-20 10:00:00,0.2,2023-10-21 15:00:00
SUB0960,HE150479,GV000031,2023-10-20 10:00:00,4.0,2023-10-21 15:00:00
SUB0961,HE150480,GV000093,2023-10-20 10:00:00,4.0,2023-10-21 15:00:00
SUB0962,HE150480,GV000074,2023-10-20 10:00:00,5.6,2023-10-21 15:00:00
SUB0963,HE150480,GV000086,2023-10-20 10:00:00,1.6,2023-10-21 15:00:00
SUB0964,HE150481,GV000072,2023-10-20 10:00:00,0.0,2023-10-21 15:00:00
SUB0965,HE150481,GV000005,2023-10-20 10:00:00,9.0,2023-10-21 15:00:00
SUB0966,HE150481,GV000050,2023-10-20 10:00:00,7.3,2023-10-21 15:00:00
SUB0967,HE150482,GV000094,2023-10-20 10:00:00,8.8,2023-10-21 15:00:00
SUB0968,HE150482,GV000092,2023-10-20 10:00:00,6.6,2023-10-21 15:00:00
SUB0969,HE150482,GV000023,2023-10-20 10:00:00,4.9,2023-10-21 15:00:00
SUB0970,HE150483,GV000070,2023-10-20 10:00:00,7.7,2023-10-21 15:00:00
SUB0971,HE150483,GV000064,2023-10-20 10:00:00,9.4,2023-10-21 15:00:00
SUB0972,HE150483,GV000045,2023-10-20 10:00:00,0.0,2023-10-21 15:00:00
SUB0973,HE150484,GV000014,2023-10-20 10:00:00,1.3,2023-10-21 15:00:00
SUB0974,HE150484,GV000069,2023-10-20 10:00:00,4.0,2023-10-21 15:00:00
SUB0975,HE150484,GV000028,2023-10-20 10:00:00,6.0,2023-10-21 15:00:00
SUB0976,HE150485,GV000001,2023-10-20 10:00:00,4.0,2023-10-21 15:00:00
SUB0977,HE150486,GV000094,2023-10-20 10:00:00,6.8,2023-10-21 15:00:00
SUB0978,HE150486,GV000091,2023-10-20 10:00:00,3.2,2023-10-21 15:00:00
SUB0979,HE150487,GV000054,2023-10-20 10:00:00,5.3,2023-10-21 15:00:00
SUB0980,HE150487,GV000018,2023-10-20 10:00:00,0.4,2023-10-21 15:00:00
SUB0981,HE150488,GV000066,2023-10-20 10:00:00,0.9,2023-10-21 15:00:00
SUB0982,HE150488,GV000059,2023-10-20 10:00:00,8.6,2023-10-21 15:00:00
SUB0983,HE150489,GV000001,2023-10-20 10:00:00,8.1,2023-10-21 15:00:00
SUB0984,HE150490,GV000047,2023-10-20 10:00:00,1.5,2023-10-21 15:00:00
SUB0985,HE150491,GV000075,2023-10-20 10:00:00,5.7,2023-10-21 15:00:00
SUB0986,HE150492,GV000040,2023-10-20 10:00:00,3.2,2023-10-21 15:00:00
SUB0987,HE150493,GV000016,2023-10-20 10:00:00,8.8,2023-10-21 15:00:00
SUB0988,HE150493,GV000047,2023-10-20 10:00:00,6.6,2023-10-21 15:00:00
SUB0989,HE150494,GV000072,2023-10-20 10:00:00,0.3,2023-10-21 15:00:00
SUB0990,HE150494,GV000009,2023-10-20 10:00:00,3.2,2023-10-21 15:00:00
SUB0991,HE150495,GV000014,2023-10-20 10:00:00,7.1,2023-10-21 15:00:00
SUB0992,HE150495,GV000048,2023-10-20 10:00:00,0.4,2023-10-21 15:00:00
SUB0993,HE150496,GV000040,2023-10-20 10:00:00,9.4,2023-10-21 15:00:00
SUB0994,HE150496,GV000011,2023-10-20 10:00:00,4.8,2023-10-21 15:00:00
SUB0995,HE150497,GV000008,2023-10-20 10:00:00,5.0,2023-10-21 15:00:00
SUB0996,HE150497,GV000038,2023-10-20 10:00:00,4.4,2023-10-21 15:00:00
SUB0997,HE150497,GV000037,2023-10-20 10:00:00,9.8,2023-10-21 15:00:00
SUB0998,HE150498,GV000027,2023-10-20 10:00:00,4.1,2023-10-21 15:00:00
SUB0999,HE150498,GV000036,2023-10-20 10:00:00,7.5,2023-10-21 15:00:00
SUB1000,HE150498,GV000004,2023-10-20 10:00:00,8.4,2023-10-21 15:00:00
SUB1001,HE150499,GV000097,2023-10-20 10:00:00,1.7,2023-10-21 15:00:00
SUB1002,HE150499,GV000027,2023-10-20 10:00:00,6.2,2023-10-21 15:00:00
SUB1003,HE150499,GV000037,2023-10-20 10:00:00,1.1,2023-10-21 15:00:00
SUB1004,HE150500,GV000012,2023-10-20 10:00:00,6.6,2023-10-21 15:00:00
SUB1005,HE150501,GV000015,2023-10-20 10:00:00,4.9,2023-10-21 15:00:00
SUB1006,HE150501,GV000008,2023-10-20 10:00:00,2.8,2023-10-21 15:00:00
SUB1007,HE150502,GV000021,2023-10-20 10:00:00,4.5,2023-10-21 15:00:00
SUB1008,HE150502,GV000050,2023-10-20 10:00:00,9.3,2023-10-21 15:00:00
SUB1009,HE150502,GV000047,2023-10-20 10:00:00,3.9,2023-10-21 15:00:00
SUB1010,HE150503,GV000063,2023-10-20 10:00:00,5.1,2023-10-21 15:00:00
SUB1011,HE150503,GV000061,2023-10-20 10:00:00,6.6,2023-10-21 15:00:00
SUB1012,HE150503,GV000002,2023-10-20 10:00:00,4.0,2023-10-21 15:00:00
SUB1013,HE150504,GV000023,2023-10-20 10:00:00,9.3,2023-10-21 15:00:00
SUB1014,HE150504,GV000023,2023-10-20 10:00:00,2.8,2023-10-21 15:00:00
SUB1015,HE150504,GV000020,2023-10-20 10:00:00,7.9,2023-10-21 15:00:00
SUB1016,HE150505,GV000093,2023-10-20 10:00:00,9.7,2023-10-21 15:00:00
SUB1017,HE150506,GV000001,2023-10-20 10:00:00,0.9,2023-10-21 15:00:00
SUB1018,HE150506,GV000055,2023-10-20 10:00:00,5.2,2023-10-21 15:00:00
SUB1019,HE150507,GV000008,2023-10-20 10:00:00,3.5,2023-10-21 15:00:00
SUB1020,HE150507,GV000054,2023-10-20 10:00:00,0.2,2023-10-21 15:00:00
SUB1021,HE150508,GV000017,2023-10-20 10:00:00,0.7,2023-10-21 15:00:00
SUB1022,HE150509,GV000022,2023-10-20 10:00:00,4.2,2023-10-21 15:00:00
SUB1023,HE150509,GV000081,2023-10-20 10:00:00,5.0,2023-10-21 15:00:00
SUB1024,HE150509,GV000024,2023-10-20 10:00:00,5.5,2023-10-21 15:00:00
SUB1025,HE150510,GV000052,2023-10-20 10:00:00,8.9,2023-10-21 15:00:00
SUB1026,HE150510,GV000099,2023-10-20 10:00:00,6.0,2023-10-21 15:00:00
SUB1027,HE150511,GV000020,2023-10-20 10:00:00,8.2,2023-10-21 15:00:00
SUB1028,HE150511,GV000035,2023-10-20 10:00:00,5.9,2023-10-21 15:00:00
SUB1029,HE150511,GV000002,2023-10-20 10:00:00,2.4,2023-10-21 15:00:00
SUB1030,HE150512,GV000094,2023-10-20 10:00:00,1.5,2023-10-21 15:00:00
SUB1031,HE150512,GV000010,2023-10-20 10:00:00,6.8,2023-10-21 15:00:00
SUB1032,HE150512,GV000004,2023-10-20 10:00:00,9.9,2023-10-21 15:00:00
SUB1033,HE150513,GV000029,2023-10-20 10:00:00,7.4,2023-10-21 15:00:00
SUB1034,HE150513,GV000063,2023-10-20 10:00:00,3.8,2023-10-21 15:00:00
SUB1035,HE150514,GV000021,2023-10-20 10:00:00,0.3,2023-10-21 15:00:00
SUB1036,HE150515,GV000071,2023-10-20 10:00:00,0.9,2023-10-21 15:00:00
SUB1037,HE150516,GV000077,2023-10-20 10:00:00,7.0,2023-10-21 15:00:00
SUB1038,HE150517,GV000057,2023-10-20 10:00:00,4.5,2023-10-21 15:00:00
SUB1039,HE150517,GV000033,2023-10-20 10:00:00,2.6,2023-10-21 15:00:00
SUB1040,HE150517,GV000073,2023-10-20 10:00:00,6.5,2023-10-21 15:00:00
SUB1041,HE150518,GV000023,2023-10-20 10:00:00,1.0,2023-10-21 15:00:00
SUB1042,HE150519,GV000036,2023-10-20 10:00:00,6.9,2023-10-21 15:00:00
SUB1043,HE150519,GV000040,2023-10-20 10:00:00,0.5,2023-10-21 15:00:00
SUB1044,HE150520,GV000040,2023-10-20 10:00:00,7.4,2023-10-21 15:00:00
SUB1045,HE150521,GV000093,2023-10-20 10:00:00,9.2,2023-10-21 15:00:00
SUB1046,HE150522,GV000030,2023-10-20 10:00:00,8.1,2023-10-21 15:00:00
SUB1047,HE150522,GV000094,2023-10-20 10:00:00,3.5,2023-10-21 15:00:00
SUB1048,HE150523,GV000073,2023-10-20 10:00:00,6.2,2023-10-21 15:00:00
SUB1049,HE150523,GV000066,2023-10-20 10:00:00,7.2,2023-10-21 15:00:00
SUB1050,HE150524,GV000072,2023-10-20 10:00:00,6.3,2023-10-21 15:00:00
SUB1051,HE150524,GV000008,2023-10-20 10:00:00,0.5,2023-10-21 15:00:00
SUB1052,HE150524,GV000044,2023-10-20 10:00:00,5.9,2023-10-21 15:00:00
SUB1053,HE150525,GV000041,2023-10-20 10:00:00,7.4,2023-10-21 15:00:00
SUB1054,HE150525,GV000085,2023-10-20 10:00:00,8.4,2023-10-21 15:00:00
SUB1055,HE150526,GV000006,2023-10-20 10:00:00,0.7,2023-10-21 15:00:00
SUB1056,HE150527,GV000031,2023-10-20 10:00:00,7.0,2023-10-21 15:00:00
SUB1057,HE150528,GV000037,2023-10-20 10:00:00,9.1,2023-10-21 15:00:00
SUB1058,HE150529,GV000084,2023-10-20 10:00:00,5.5,2023-10-21 15:00:00
SUB1059,HE150530,GV000037,2023-10-20 10:00:00,6.2,2023-10-21 15:00:00
SUB1060,HE150530,GV000008,2023-10-20 10:00:00,1.7,2023-10-21 15:00:00
SUB1061,HE150530,GV000010,2023-10-20 10:00:00,1.1,2023-10-21 15:00:00
SUB1062,HE150531,GV000001,2023-10-20 10:00:00,2.4,2023-10-21 15:00:00
SUB1063,HE150532,GV000004,2023-10-20 10:00:00,5.5,2023-10-21 15:00:00
SUB1064,HE150532,GV000026,2023-10-20 10:00:00,4.0,2023-10-21 15:00:00
SUB1065,HE150533,GV000072,2023-10-20 10:00:00,8.3,2023-10-21 15:00:00
SUB1066,HE150534,GV000057,2023-10-20 10:00:00,9.5,2023-10-21 15:00:00
SUB1067,HE150534,GV000035,2023-10-20 10:00:00,5.4,2023-10-21 15:00:00
SUB1068,HE150534,GV000094,2023-10-20 10:00:00,6.1,2023-10-21 15:00:00
SUB1069,HE150535,GV000008,2023-10-20 10:00:00,6.6,2023-10-21 15:00:00
SUB1070,HE150535,GV000037,2023-10-20 10:00:00,1.7,2023-10-21 15:00:00
SUB1071,HE150536,GV000007,2023-10-20 10:00:00,6.9,2023-10-21 15:00:00
SUB1072,HE150536,GV000056,2023-10-20 10:00:00,5.4,2023-10-21 15:00:00
SUB1073,HE150537,GV000058,2023-10-20 10:00:00,2.8,2023-10-21 15:00:00
SUB1074,HE150537,GV000026,2023-10-20 10:00:00,8.3,2023-10-21 15:00:00
SUB1075,HE150537,GV000039,2023-10-20 10:00:00,8.8,2023-10-21 15:00:00
SUB1076,HE150538,GV000059,2023-10-20 10:00:00,3.3,2023-10-21 15:00:00
SUB1077,HE150538,GV000058,2023-10-20 10:00:00,9.7,2023-10-21 15:00:00
SUB1078,HE150538,GV000045,2023-10-20 10:00:00,2.3,2023-10-21 15:00:00
SUB1079,HE150539,GV000045,2023-10-20 10:00:00,0.7,2023-10-21 15:00:00
SUB1080,HE150539,GV000002,2023-10-20 10:00:00,0.7,2023-10-21 15:00:00
SUB1081,HE150540,GV000060,2023-10-20 10:00:00,1.2,2023-10-21 15:00:00
SUB1082,HE150541,GV000059,2023-10-20 10:00:00,5.6,2023-10-21 15:00:00
SUB1083,HE150542,GV000094,2023-10-20 10:00:00,7.8,2023-10-21 15:00:00
SUB1084,HE150543,GV000004,2023-10-20 10:00:00,7.5,2023-10-21 15:00:00
SUB1085,HE150544,GV000064,2023-10-20 10:00:00,3.6,2023-10-21 15:00:00
SUB1086,HE150545,GV000050,2023-10-20 10:00:00,4.5,2023-10-21 15:00:00
SUB1087,HE150545,GV000016,2023-10-20 10:00:00,8.5,2023-10-21 15:00:00
SUB1088,HE150546,GV000022,2023-10-20 10:00:00,8.0,2023-10-21 15:00:00
SUB1089,HE150546,GV000014,2023-10-20 10:00:00,5.0,2023-10-21 15:00:00
SUB1090,HE150546,GV000064,2023-10-20 10:00:00,6.1,2023-10-21 15:00:00
SUB1091,HE150547,GV000087,2023-10-20 10:00:00,3.6,2023-10-21 15:00:00
SUB1092,HE150547,GV000097,2023-10-20 10:00:00,7.4,2023-10-21 15:00:00
SUB1093,HE150548,GV000016,2023-10-20 10:00:00,8.5,2023-10-21 15:00:00
SUB1094,HE150548,GV000013,2023-10-20 10:00:00,0.1,2023-10-21 15:00:00
SUB1095,HE150549,GV000069,2023-10-20 10:00:00,5.2,2023-10-21 15:00:00
SUB1096,HE150550,GV000027,2023-10-20 10:00:00,4.5,2023-10-21 15:00:00
SUB1097,HE150550,GV000035,2023-10-20 10:00:00,3.0,2023-10-21 15:00:00
SUB1098,HE150550,GV000098,2023-10-20 10:00:00,9.3,2023-10-21 15:00:00
SUB1099,HE150551,GV000066,2023-10-20 10:00:00,5.1,2023-10-21 15:00:00
SUB1100,HE150551,GV000072,2023-10-20 10:00:00,1.0,2023-10-21 15:00:00
SUB1101,HE150551,GV000072,2023-10-20 10:00:00,6.4,2023-10-21 15:00:00
SUB1102,HE150552,GV000075,2023-10-20 10:00:00,1.7,2023-10-21 15:00:00
SUB1103,HE150552,GV000007,2023-10-20 10:00:00,4.5,2023-10-21 15:00:00
SUB1104,HE150553,GV000070,2023-10-20 10:00:00,8.4,2023-10-21 15:00:00
SUB1105,HE150553,GV000039,2023-10-20 10:00:00,7.1,2023-10-21 15:00:00
SUB1106,HE150554,GV000081,2023-10-20 10:00:00,7.9,2023-10-21 15:00:00
SUB1107,HE150554,GV000016,2023-10-20 10:00:00,5.9,2023-10-21 15:00:00
SUB1108,HE150555,GV000022,2023-10-20 10:00:00,6.4,2023-10-21 15:00:00
SUB1109,HE150555,GV000048,2023-10-20 10:00:00,7.7,2023-10-21 15:00:00
SUB1110,HE150555,GV000001,2023-10-20 10:00:00,3.1,2023-10-21 15:00:00
SUB1111,HE150556,GV000091,2023-10-20 10:00:00,4.1,2023-10-21 15:00:00
SUB1112,HE150556,GV000085,2023-10-20 10:00:00,6.7,2023-10-21 15:00:00
SUB1113,HE150557,GV000063,2023-10-20 10:00:00,7.2,2023-10-21 15:00:00
SUB1114,HE150558,GV000017,2023-10-20 10:00:00,4.2,2023-10-21 15:00:00
SUB1115,HE150558,GV000059,2023-10-20 10:00:00,2.3,2023-10-21 15:00:00
SUB1116,HE150559,GV000036,2023-10-20 10:00:00,4.2,2023-10-21 15:00:00
SUB1117,HE150559,GV000006,2023-10-20 10:00:00,2.4,2023-10-21 15:00:00
SUB1118,HE150560,GV000045,2023-10-20 10:00:00,2.3,2023-10-21 15:00:00
SUB1119,HE150561,GV000057,2023-10-20 10:00:00,9.2,2023-10-21 15:00:00
SUB1120,HE150561,GV000044,2023-10-20 10:00:00,7.4,2023-10-21 15:00:00
SUB1121,HE150562,GV000024,2023-10-20 10:00:00,8.0,2023-10-21 15:00:00
SUB1122,HE150562,GV000010,2023-10-20 10:00:00,5.0,2023-10-21 15:00:00
SUB1123,HE150562,GV000081,2023-10-20 10:00:00,8.6,2023-10-21 15:00:00
SUB1124,HE150563,GV000090,2023-10-20 10:00:00,3.3,2023-10-21 15:00:00
SUB1125,HE150564,GV000008,2023-10-20 10:00:00,6.6,2023-10-21 15:00:00
SUB1126,HE150564,GV000006,2023-10-20 10:00:00,7.1,2023-10-21 15:00:00
SUB1127,HE150564,GV000079,2023-10-20 10:00:00,6.7,2023-10-21 15:00:00
SUB1128,HE150565,GV000095,2023-10-20 10:00:00,4.0,2023-10-21 15:00:00
SUB1129,HE150565,GV000005,2023-10-20 10:00:00,1.5,2023-10-21 15:00:00
SUB1130,HE150566,GV000014,2023-10-20 10:00:00,9.4,2023-10-21 15:00:00
SUB1131,HE150566,GV000047,2023-10-20 10:00:00,4.9,2023-10-21 15:00:00
SUB1132,HE150567,GV000081,2023-10-20 10:00:00,7.3,2023-10-21 15:00:00
SUB1133,HE150568,GV000042,2023-10-20 10:00:00,6.3,2023-10-21 15:00:00
SUB1134,HE150569,GV000078,2023-10-20 10:00:00,6.8,2023-10-21 15:00:00
SUB1135,HE150570,GV000042,2023-10-20 10:00:00,8.9,2023-10-21 15:00:00
SUB1136,HE150571,GV000056,2023-10-20 10:00:00,5.6,2023-10-21 15:00:00
SUB1137,HE150571,GV000037,2023-10-20 10:00:00,9.3,2023-10-21 15:00:00
SUB1138,HE150571,GV000021,2023-10-20 10:00:00,6.5,2023-10-21 15:00:00
SUB1139,HE150572,GV000003,2023-10-20 10:00:00,8.6,2023-10-21 15:00:00
SUB1140,HE150572,GV000056,2023-10-20 10:00:00,6.9,2023-10-21 15:00:00
SUB1141,HE150573,GV000069,2023-10-20 10:00:00,0.6,2023-10-21 15:00:00
SUB1142,HE150574,GV000077,2023-10-20 10:00:00,7.6,2023-10-21 15:00:00
SUB1143,HE150575,GV000039,2023-10-20 10:00:00,7.9,2023-10-21 15:00:00
SUB1144,HE150576,GV000026,2023-10-20 10:00:00,8.5,2023-10-21 15:00:00
SUB1145,HE150576,GV000086,2023-10-20 10:00:00,3.1,2023-10-21 15:00:00
SUB1146,HE150577,GV000057,2023-10-20 10:00:00,7.6,2023-10-21 15:00:00
SUB1147,HE150578,GV000075,2023-10-20 10:00:00,9.0,2023-10-21 15:00:00
SUB1148,HE150578,GV000036,2023-10-20 10:00:00,9.4,2023-10-21 15:00:00
SUB1149,HE150578,GV000069,2023-10-20 10:00:00,9.8,2023-10-21 15:00:00
SUB1150,HE150579,GV000092,2023-10-20 10:00:00,0.5,2023-10-21 15:00:00
SUB1151,HE150579,GV000047,2023-10-20 10:00:00,6.8,2023-10-21 15:00:00
SUB1152,HE150580,GV000040,2023-10-20 10:00:00,3.9,2023-10-21 15:00:00
SUB1153,HE150581,GV000022,2023-10-20 10:00:00,0.8,2023-10-21 15:00:00
SUB1154,HE150581,GV000042,2023-10-20 10:00:00,0.9,2023-10-21 15:00:00
SUB1155,HE150582,GV000004,2023-10-20 10:00:00,2.2,2023-10-21 15:00:00
SUB1156,HE150582,GV000044,2023-10-20 10:00:00,5.7,2023-10-21 15:00:00
SUB1157,HE150583,GV000022,2023-10-20 10:00:00,0.1,2023-10-21 15:00:00
SUB1158,HE150583,GV000004,2023-10-20 10:00:00,7.1,2023-10-21 15:00:00
SUB1159,HE150584,GV000033,2023-10-20 10:00:00,0.3,2023-10-21 15:00:00
SUB1160,HE150585,GV000074,2023-10-20 10:00:00,3.9,2023-10-21 15:00:00
SUB1161,HE150585,GV000008,2023-10-20 10:00:00,3.7,2023-10-21 15:00:00
SUB1162,HE150585,GV000040,2023-10-20 10:00:00,4.5,2023-10-21 15:00:00
SUB1163,HE150586,GV000062,2023-10-20 10:00:00,7.7,2023-10-21 15:00:00
SUB1164,HE150586,GV000085,2023-10-20 10:00:00,9.8,2023-10-21 15:00:00
SUB1165,HE150586,GV000028,2023-10-20 10:00:00,5.7,2023-10-21 15:00:00
SUB1166,HE150587,GV000050,2023-10-20 10:00:00,9.0,2023-10-21 15:00:00
SUB1167,HE150587,GV000021,2023-10-20 10:00:00,1.4,2023-10-21 15:00:00
SUB1168,HE150588,GV000011,2023-10-20 10:00:00,8.2,2023-10-21 15:00:00
SUB1169,HE150589,GV000075,2023-10-20 10:00:00,6.9,2023-10-21 15:00:00
SUB1170,HE150589,GV000092,2023-10-20 10:00:00,7.0,2023-10-21 15:00:00
SUB1171,HE150589,GV000070,2023-10-20 10:00:00,8.3,2023-10-21 15:00:00
SUB1172,HE150590,GV000016,2023-10-20 10:00:00,1.8,2023-10-21 15:00:00
SUB1173,HE150590,GV000055,2023-10-20 10:00:00,3.8,2023-10-21 15:00:00
SUB1174,HE150591,GV000044,2023-10-20 10:00:00,4.7,2023-10-21 15:00:00
SUB1175,HE150592,GV000036,2023-10-20 10:00:00,1.3,2023-10-21 15:00:00
SUB1176,HE150593,GV000093,2023-10-20 10:00:00,4.1,2023-10-21 15:00:00
SUB1177,HE150593,GV000070,2023-10-20 10:00:00,3.6,2023-10-21 15:00:00
SUB1178,HE150593,GV000073,2023-10-20 10:00:00,1.5,2023-10-21 15:00:00
SUB1179,HE150594,GV000095,2023-10-20 10:00:00,8.1,2023-10-21 15:00:00
SUB1180,HE150594,GV000095,2023-10-20 10:00:00,6.0,2023-10-21 15:00:00
SUB1181,HE150595,GV000001,2023-10-20 10:00:00,8.1,2023-10-21 15:00:00
SUB1182,HE150595,GV000008,2023-10-20 10:00:00,0.4,2023-10-21 15:00:00
SUB1183,HE150595,GV000063,2023-10-20 10:00:00,8.8,2023-10-21 15:00:00
SUB1184,HE150596,GV000083,2023-10-20 10:00:00,4.4,2023-10-21 15:00:00
SUB1185,HE150596,GV000098,2023-10-20 10:00:00,1.5,2023-10-21 15:00:00
SUB1186,HE150596,GV000098,2023-10-20 10:00:00,7.5,2023-10-21 15:00:00
SUB1187,HE150597,GV000027,2023-10-20 10:00:00,8.3,2023-10-21 15:00:00
SUB1188,HE150597,GV000002,2023-10-20 10:00:00,5.0,2023-10-21 15:00:00
SUB1189,HE150597,GV000064,2023-10-20 10:00:00,8.2,2023-10-21 15:00:00
SUB1190,HE150598,GV000018,2023-10-20 10:00:00,2.4,2023-10-21 15:00:00
SUB1191,HE150599,GV000078,2023-10-20 10:00:00,3.8,2023-10-21 15:00:00
SUB1192,HE150599,GV000100,2023-10-20 10:00:00,5.3,2023-10-21 15:00:00
SUB1193,HE150599,GV000064,2023-10-20 10:00:00,4.6,2023-10-21 15:00:00
SUB1194,HE150600,GV000072,2023-10-20 10:00:00,9.9,2023-10-21 15:00:00
SUB1195,HE150600,GV000027,2023-10-20 10:00:00,7.4,2023-10-21 15:00:00
SUB1196,HE150601,GV000094,2023-10-20 10:00:00,3.5,2023-10-21 15:00:00
SUB1197,HE150602,GV000097,2023-10-20 10:00:00,2.6,2023-10-21 15:00:00
SUB1198,HE150602,GV000006,2023-10-20 10:00:00,7.0,2023-10-21 15:00:00
SUB1199,HE150602,GV000011,2023-10-20 10:00:00,8.4,2023-10-21 15:00:00
SUB1200,HE150603,GV000033,2023-10-20 10:00:00,6.7,2023-10-21 15:00:00
SUB1201,HE150603,GV000049,2023-10-20 10:00:00,0.7,2023-10-21 15:00:00
SUB1202,HE150603,GV000016,2023-10-20 10:00:00,3.6,2023-10-21 15:00:00
SUB1203,HE150604,GV000081,2023-10-20 10:00:00,7.6,2023-10-21 15:00:00
SUB1204,HE150605,GV000025,2023-10-20 10:00:00,5.5,2023-10-21 15:00:00
SUB1205,HE150605,GV000073,2023-10-20 10:00:00,1.2,2023-10-21 15:00:00
SUB1206,HE150605,GV000097,2023-10-20 10:00:00,4.7,2023-10-21 15:00:00
SUB1207,HE150606,GV000027,2023-10-20 10:00:00,7.2,2023-10-21 15:00:00
SUB1208,HE150606,GV000007,2023-10-20 10:00:00,1.3,2023-10-21 15:00:00
SUB1209,HE150606,GV000036,2023-10-20 10:00:00,9.5,2023-10-21 15:00:00
SUB1210,HE150607,GV000026,2023-10-20 10:00:00,8.1,2023-10-21 15:00:00
SUB1211,HE150607,GV000024,2023-10-20 10:00:00,3.3,2023-10-21 15:00:00
SUB1212,HE150607,GV000088,2023-10-20 10:00:00,7.8,2023-10-21 15:00:00
SUB1213,HE150608,GV000049,2023-10-20 10:00:00,1.7,2023-10-21 15:00:00
SUB1214,HE150608,GV000031,2023-10-20 10:00:00,4.7,2023-10-21 15:00:00
SUB1215,HE150609,GV000064,2023-10-20 10:00:00,3.9,2023-10-21 15:00:00
SUB1216,HE150609,GV000073,2023-10-20 10:00:00,4.3,2023-10-21 15:00:00
SUB1217,HE150609,GV000014,2023-10-20 10:00:00,8.9,2023-10-21 15:00:00
SUB1218,HE150610,GV000093,2023-10-20 10:00:00,5.4,2023-10-21 15:00:00
SUB1219,HE150610,GV000031,2023-10-20 10:00:00,6.1,2023-10-21 15:00:00
SUB1220,HE150610,GV000100,2023-10-20 10:00:00,3.9,2023-10-21 15:00:00
SUB1221,HE150611,GV000097,2023-10-20 10:00:00,5.8,2023-10-21 15:00:00
SUB1222,HE150611,GV000027,2023-10-20 10:00:00,7.2,2023-10-21 15:00:00
SUB1223,HE150611,GV000004,2023-10-20 10:00:00,6.7,2023-10-21 15:00:00
SUB1224,HE150612,GV000045,2023-10-20 10:00:00,0.5,2023-10-21 15:00:00
SUB1225,HE150613,GV000041,2023-10-20 10:00:00,1.2,2023-10-21 15:00:00
SUB1226,HE150614,GV000081,2023-10-20 10:00:00,1.0,2023-10-21 15:00:00
SUB1227,HE150615,GV000047,2023-10-20 10:00:00,0.7,2023-10-21 15:00:00
SUB1228,HE150616,GV000079,2023-10-20 10:00:00,3.9,2023-10-21 15:00:00
SUB1229,HE150616,GV000025,2023-10-20 10:00:00,0.1,2023-10-21 15:00:00
SUB1230,HE150617,GV000027,2023-10-20 10:00:00,1.6,2023-10-21 15:00:00
SUB1231,HE150618,GV000021,2023-10-20 10:00:00,8.1,2023-10-21 15:00:00
SUB1232,HE150619,GV000011,2023-10-20 10:00:00,3.9,2023-10-21 15:00:00
SUB1233,HE150619,GV000004,2023-10-20 10:00:00,8.4,2023-10-21 15:00:00
SUB1234,HE150620,GV000057,2023-10-20 10:00:00,8.1,2023-10-21 15:00:00
SUB1235,HE150621,GV000036,2023-10-20 10:00:00,5.8,2023-10-21 15:00:00
SUB1236,HE150621,GV000069,2023-10-20 10:00:00,5.1,2023-10-21 15:00:00
SUB1237,HE150621,GV000094,2023-10-20 10:00:00,7.0,2023-10-21 15:00:00
SUB1238,HE150622,GV000074,2023-10-20 10:00:00,3.3,2023-10-21 15:00:00
SUB1239,HE150623,GV000047,2023-10-20 10:00:00,0.5,2023-10-21 15:00:00
SUB1240,HE150623,GV000018,2023-10-20 10:00:00,7.8,2023-10-21 15:00:00
SUB1241,HE150624,GV000004,2023-10-20 10:00:00,5.8,2023-10-21 15:00:00
SUB1242,HE150624,GV000065,2023-10-20 10:00:00,8.3,2023-10-21 15:00:00
SUB1243,HE150624,GV000023,2023-10-20 10:00:00,9.0,2023-10-21 15:00:00
SUB1244,HE150625,GV000056,2023-10-20 10:00:00,7.4,2023-10-21 15:00:00
SUB1245,HE150625,GV000100,2023-10-20 10:00:00,9.2,2023-10-21 15:00:00
SUB1246,HE150626,GV000072,2023-10-20 10:00:00,8.4,2023-10-21 15:00:00
SUB1247,HE150626,GV000047,2023-10-20 10:00:00,7.0,2023-10-21 15:00:00
SUB1248,HE150627,GV000100,2023-10-20 10:00:00,8.0,2023-10-21 15:00:00
SUB1249,HE150628,GV000059,2023-10-20 10:00:00,5.5,2023-10-21 15:00:00
SUB1250,HE150629,GV000074,2023-10-20 10:00:00,4.5,2023-10-21 15:00:00
SUB1251,HE150629,GV000036,2023-10-20 10:00:00,8.9,2023-10-21 15:00:00
SUB1252,HE150630,GV000031,2023-10-20 10:00:00,6.5,2023-10-21 15:00:00
SUB1253,HE150630,GV000098,2023-10-20 10:00:00,0.3,2023-10-21 15:00:00
SUB1254,HE150631,GV000001,2023-10-20 10:00:00,0.6,2023-10-21 15:00:00
SUB1255,HE150631,GV000006,2023-10-20 10:00:00,0.4,2023-10-21 15:00:00
SUB1256,HE150632,GV000077,2023-10-20 10:00:00,4.1,2023-10-21 15:00:00
SUB1257,HE150632,GV000015,2023-10-20 10:00:00,7.7,2023-10-21 15:00:00
SUB1258,HE150632,GV000079,2023-10-20 10:00:00,1.5,2023-10-21 15:00:00
SUB1259,HE150633,GV000023,2023-10-20 10:00:00,3.7,2023-10-21 15:00:00
SUB1260,HE150634,GV000079,2023-10-20 10:00:00,9.1,2023-10-21 15:00:00
SUB1261,HE150634,GV000064,2023-10-20 10:00:00,8.8,2023-10-21 15:00:00
SUB1262,HE150635,GV000029,2023-10-20 10:00:00,0.6,2023-10-21 15:00:00
SUB1263,HE150636,GV000098,2023-10-20 10:00:00,3.6,2023-10-21 15:00:00
SUB1264,HE150637,GV000019,2023-10-20 10:00:00,8.4,2023-10-21 15:00:00
SUB1265,HE150637,GV000027,2023-10-20 10:00:00,7.6,2023-10-21 15:00:00
SUB1266,HE150637,GV000002,2023-10-20 10:00:00,5.4,2023-10-21 15:00:00
SUB1267,HE150638,GV000097,2023-10-20 10:00:00,2.1,2023-10-21 15:00:00
SUB1268,HE150638,GV000084,2023-10-20 10:00:00,6.8,2023-10-21 15:00:00
SUB1269,HE150638,GV000075,2023-10-20 10:00:00,2.1,2023-10-21 15:00:00
SUB1270,HE150639,GV000015,2023-10-20 10:00:00,3.4,2023-10-21 15:00:00
SUB1271,HE150640,GV000058,2023-10-20 10:00:00,5.8,2023-10-21 15:00:00
SUB1272,HE150641,GV000066,2023-10-20 10:00:00,8.3,2023-10-21 15:00:00
SUB1273,HE150641,GV000059,2023-10-20 10:00:00,8.5,2023-10-21 15:00:00
SUB1274,HE150641,GV000094,2023-10-20 10:00:00,4.8,2023-10-21 15:00:00
SUB1275,HE150642,GV000088,2023-10-20 10:00:00,9.5,2023-10-21 15:00:00
SUB1276,HE150642,GV000066,2023-10-20 10:00:00,8.8,2023-10-21 15:00:00
SUB1277,HE150642,GV000009,2023-10-20 10:00:00,6.6,2023-10-21 15:00:00
SUB1278,HE150643,GV000100,2023-10-20 10:00:00,4.9,2023-10-21 15:00:00
SUB1279,HE150643,GV000061,2023-10-20 10:00:00,7.1,2023-10-21 15:00:00
SUB1280,HE150644,GV000062,2023-10-20 10:00:00,1.4,2023-10-21 15:00:00
SUB1281,HE150644,GV000024,2023-10-20 10:00:00,2.8,2023-10-21 15:00:00
SUB1282,HE150645,GV000002,2023-10-20 10:00:00,9.8,2023-10-21 15:00:00
SUB1283,HE150646,GV000075,2023-10-20 10:00:00,1.4,2023-10-21 15:00:00
SUB1284,HE150646,GV000028,2023-10-20 10:00:00,0.8,2023-10-21 15:00:00
SUB1285,HE150647,GV000066,2023-10-20 10:00:00,3.0,2023-10-21 15:00:00
SUB1286,HE150647,GV000032,2023-10-20 10:00:00,8.2,2023-10-21 15:00:00
SUB1287,HE150648,GV000057,2023-10-20 10:00:00,4.9,2023-10-21 15:00:00
SUB1288,HE150648,GV000008,2023-10-20 10:00:00,2.9,2023-10-21 15:00:00
SUB1289,HE150648,GV000026,2023-10-20 10:00:00,8.7,2023-10-21 15:00:00
SUB1290,HE150649,GV000050,2023-10-20 10:00:00,0.1,2023-10-21 15:00:00
SUB1291,HE150649,GV000010,2023-10-20 10:00:00,2.2,2023-10-21 15:00:00
SUB1292,HE150650,GV000050,2023-10-20 10:00:00,4.7,2023-10-21 15:00:00
SUB1293,HE150650,GV000001,2023-10-20 10:00:00,2.4,2023-10-21 15:00:00
SUB1294,HE150651,GV000016,2023-10-20 10:00:00,7.4,2023-10-21 15:00:00
SUB1295,HE150651,GV000098,2023-10-20 10:00:00,8.4,2023-10-21 15:00:00
SUB1296,HE150651,GV000009,2023-10-20 10:00:00,7.3,2023-10-21 15:00:00
SUB1297,HE150652,GV000035,2023-10-20 10:00:00,3.2,2023-10-21 15:00:00
SUB1298,HE150652,GV000013,2023-10-20 10:00:00,7.3,2023-10-21 15:00:00
SUB1299,HE150652,GV000085,2023-10-20 10:00:00,5.9,2023-10-21 15:00:00
SUB1300,HE150653,GV000046,2023-10-20 10:00:00,1.8,2023-10-21 15:00:00
SUB1301,HE150654,GV000050,2023-10-20 10:00:00,4.6,2023-10-21 15:00:00
SUB1302,HE150654,GV000073,2023-10-20 10:00:00,9.2,2023-10-21 15:00:00
SUB1303,HE150654,GV000012,2023-10-20 10:00:00,0.8,2023-10-21 15:00:00
SUB1304,HE150655,GV000033,2023-10-20 10:00:00,1.7,2023-10-21 15:00:00
SUB1305,HE150655,GV000021,2023-10-20 10:00:00,4.6,2023-10-21 15:00:00
SUB1306,HE150656,GV000063,2023-10-20 10:00:00,1.1,2023-10-21 15:00:00
SUB1307,HE150656,GV000064,2023-10-20 10:00:00,2.0,2023-10-21 15:00:00
SUB1308,HE150657,GV000075,2023-10-20 10:00:00,2.1,2023-10-21 15:00:00
SUB1309,HE150658,GV000079,2023-10-20 10:00:00,8.2,2023-10-21 15:00:00
SUB1310,HE150658,GV000073,2023-10-20 10:00:00,2.8,2023-10-21 15:00:00
SUB1311,HE150658,GV000070,2023-10-20 10:00:00,0.3,2023-10-21 15:00:00
SUB1312,HE150659,GV000047,2023-10-20 10:00:00,6.5,2023-10-21 15:00:00
SUB1313,HE150659,GV000060,2023-10-20 10:00:00,0.9,2023-10-21 15:00:00
SUB1314,HE150659,GV000073,2023-10-20 10:00:00,6.4,2023-10-21 15:00:00
SUB1315,HE150660,GV000023,2023-10-20 10:00:00,3.8,2023-10-21 15:00:00
SUB1316,HE150661,GV000033,2023-10-20 10:00:00,1.1,2023-10-21 15:00:00
SUB1317,HE150661,GV000045,2023-10-20 10:00:00,4.3,2023-10-21 15:00:00
SUB1318,HE150661,GV000090,2023-10-20 10:00:00,8.4,2023-10-21 15:00:00
SUB1319,HE150662,GV000090,2023-10-20 10:00:00,6.6,2023-10-21 15:00:00
SUB1320,HE150662,GV000056,2023-10-20 10:00:00,2.7,2023-10-21 15:00:00
SUB1321,HE150662,GV000059,2023-10-20 10:00:00,3.0,2023-10-21 15:00:00
SUB1322,HE150663,GV000021,2023-10-20 10:00:00,3.4,2023-10-21 15:00:00
SUB1323,HE150664,GV000004,2023-10-20 10:00:00,7.3,2023-10-21 15:00:00
SUB1324,HE150665,GV000016,2023-10-20 10:00:00,1.2,2023-10-21 15:00:00
SUB1325,HE150665,GV000082,2023-10-20 10:00:00,5.4,2023-10-21 15:00:00
SUB1326,HE150666,GV000091,2023-10-20 10:00:00,5.5,2023-10-21 15:00:00
SUB1327,HE150667,GV000019,2023-10-20 10:00:00,3.3,2023-10-21 15:00:00
SUB1328,HE150667,GV000016,2023-10-20 10:00:00,5.5,2023-10-21 15:00:00
SUB1329,HE150667,GV000059,2023-10-20 10:00:00,5.2,2023-10-21 15:00:00
SUB1330,HE150668,GV000063,2023-10-20 10:00:00,5.6,2023-10-21 15:00:00
SUB1331,HE150668,GV000073,2023-10-20 10:00:00,3.2,2023-10-21 15:00:00
SUB1332,HE150669,GV000036,2023-10-20 10:00:00,5.9,2023-10-21 15:00:00
SUB1333,HE150669,GV000043,2023-10-20 10:00:00,0.6,2023-10-21 15:00:00
SUB1334,HE150670,GV000022,2023-10-20 10:00:00,1.5,2023-10-21 15:00:00
SUB1335,HE150670,GV000031,2023-10-20 10:00:00,0.0,2023-10-21 15:00:00
SUB1336,HE150670,GV000072,2023-10-20 10:00:00,7.2,2023-10-21 15:00:00
SUB1337,HE150671,GV000088,2023-10-20 10:00:00,6.5,2023-10-21 15:00:00
SUB1338,HE150671,GV000086,2023-10-20 10:00:00,0.8,2023-10-21 15:00:00
SUB1339,HE150672,GV000033,2023-10-20 10:00:00,1.0,2023-10-21 15:00:00
SUB1340,HE150672,GV000043,2023-10-20 10:00:00,8.9,2023-10-21 15:00:00
SUB1341,HE150673,GV000021,2023-10-20 10:00:00,9.3,2023-10-21 15:00:00
SUB1342,HE150673,GV000087,2023-10-20 10:00:00,4.2,2023-10-21 15:00:00
SUB1343,HE150674,GV000020,2023-10-20 10:00:00,4.0,2023-10-21 15:00:00
SUB1344,HE150674,GV000050,2023-10-20 10:00:00,5.2,2023-10-21 15:00:00
SUB1345,HE150674,GV000048,2023-10-20 10:00:00,6.9,2023-10-21 15:00:00
SUB1346,HE150675,GV000040,2023-10-20 10:00:00,6.0,2023-10-21 15:00:00
SUB1347,HE150676,GV000081,2023-10-20 10:00:00,0.1,2023-10-21 15:00:00
SUB1348,HE150677,GV000004,2023-10-20 10:00:00,2.1,2023-10-21 15:00:00
SUB1349,HE150677,GV000002,2023-10-20 10:00:00,4.2,2023-10-21 15:00:00
SUB1350,HE150677,GV000075,2023-10-20 10:00:00,8.2,2023-10-21 15:00:00
SUB1351,HE150678,GV000066,2023-10-20 10:00:00,6.4,2023-10-21 15:00:00
SUB1352,HE150679,GV000034,2023-10-20 10:00:00,6.8,2023-10-21 15:00:00
SUB1353,HE150679,GV000040,2023-10-20 10:00:00,0.9,2023-10-21 15:00:00
SUB1354,HE150680,GV000043,2023-10-20 10:00:00,3.7,2023-10-21 15:00:00
SUB1355,HE150680,GV000027,2023-10-20 10:00:00,4.8,2023-10-21 15:00:00
SUB1356,HE150681,GV000086,2023-10-20 10:00:00,4.3,2023-10-21 15:00:00
SUB1357,HE150681,GV000067,2023-10-20 10:00:00,1.3,2023-10-21 15:00:00
SUB1358,HE150681,GV000036,2023-10-20 10:00:00,3.1,2023-10-21 15:00:00
SUB1359,HE150682,GV000095,2023-10-20 10:00:00,8.8,2023-10-21 15:00:00
SUB1360,HE150682,GV000028,2023-10-20 10:00:00,6.0,2023-10-21 15:00:00
SUB1361,HE150682,GV000068,2023-10-20 10:00:00,2.9,2023-10-21 15:00:00
SUB1362,HE150683,GV000041,2023-10-20 10:00:00,9.8,2023-10-21 15:00:00
SUB1363,HE150683,GV000037,2023-10-20 10:00:00,2.5,2023-10-21 15:00:00
SUB1364,HE150683,GV000066,2023-10-20 10:00:00,9.0,2023-10-21 15:00:00
SUB1365,HE150684,GV000073,2023-10-20 10:00:00,4.6,2023-10-21 15:00:00
SUB1366,HE150684,GV000041,2023-10-20 10:00:00,5.8,2023-10-21 15:00:00
SUB1367,HE150685,GV000051,2023-10-20 10:00:00,6.4,2023-10-21 15:00:00
SUB1368,HE150685,GV000029,2023-10-20 10:00:00,2.2,2023-10-21 15:00:00
SUB1369,HE150685,GV000004,2023-10-20 10:00:00,0.1,2023-10-21 15:00:00
SUB1370,HE150686,GV000084,2023-10-20 10:00:00,3.4,2023-10-21 15:00:00
SUB1371,HE150686,GV000024,2023-10-20 10:00:00,9.7,2023-10-21 15:00:00
SUB1372,HE150687,GV000027,2023-10-20 10:00:00,7.2,2023-10-21 15:00:00
SUB1373,HE150688,GV000092,2023-10-20 10:00:00,8.6,2023-10-21 15:00:00
SUB1374,HE150688,GV000008,2023-10-20 10:00:00,7.4,2023-10-21 15:00:00
SUB1375,HE150689,GV000035,2023-10-20 10:00:00,0.5,2023-10-21 15:00:00
SUB1376,HE150689,GV000035,2023-10-20 10:00:00,7.0,2023-10-21 15:00:00
SUB1377,HE150689,GV000010,2023-10-20 10:00:00,0.9,2023-10-21 15:00:00
SUB1378,HE150690,GV000047,2023-10-20 10:00:00,0.9,2023-10-21 15:00:00
SUB1379,HE150690,GV000029,2023-10-20 10:00:00,0.2,2023-10-21 15:00:00
SUB1380,HE150691,GV000050,2023-10-20 10:00:00,2.7,2023-10-21 15:00:00
SUB1381,HE150692,GV000042,2023-10-20 10:00:00,9.9,2023-10-21 15:00:00
SUB1382,HE150693,GV000002,2023-10-20 10:00:00,9.8,2023-10-21 15:00:00
SUB1383,HE150694,GV000036,2023-10-20 10:00:00,3.3,2023-10-21 15:00:00
SUB1384,HE150694,GV000065,2023-10-20 10:00:00,2.1,2023-10-21 15:00:00
SUB1385,HE150695,GV000072,2023-10-20 10:00:00,0.5,2023-10-21 15:00:00
SUB1386,HE150695,GV000027,2023-10-20 10:00:00,3.6,2023-10-21 15:00:00
SUB1387,HE150695,GV000093,2023-10-20 10:00:00,2.5,2023-10-21 15:00:00
SUB1388,HE150696,GV000077,2023-10-20 10:00:00,3.4,2023-10-21 15:00:00
SUB1389,HE150697,GV000034,2023-10-20 10:00:00,6.6,2023-10-21 15:00:00
SUB1390,HE150697,GV000012,2023-10-20 10:00:00,8.3,2023-10-21 15:00:00
SUB1391,HE150698,GV000033,2023-10-20 10:00:00,5.0,2023-10-21 15:00:00
SUB1392,HE150699,GV000053,2023-10-20 10:00:00,8.3,2023-10-21 15:00:00
SUB1393,HE150699,GV000084,2023-10-20 10:00:00,7.1,2023-10-21 15:00:00
SUB1394,HE150699,GV000077,2023-10-20 10:00:00,9.2,2023-10-21 15:00:00
SUB1395,HE150700,GV000097,2023-10-20 10:00:00,4.9,2023-10-21 15:00:00
SUB1396,HE150700,GV000011,2023-10-20 10:00:00,6.0,2023-10-21 15:00:00
SUB1397,HE150700,GV000021,2023-10-20 10:00:00,9.5,2023-10-21 15:00:00
SUB1398,HE150701,GV000053,2023-10-20 10:00:00,2.9,2023-10-21 15:00:00
SUB1399,HE150701,GV000066,2023-10-20 10:00:00,0.1,2023-10-21 15:00:00
SUB1400,HE150702,GV000046,2023-10-20 10:00:00,0.3,2023-10-21 15:00:00
SUB1401,HE150702,GV000026,2023-10-20 10:00:00,1.3,2023-10-21 15:00:00
SUB1402,HE150703,GV000024,2023-10-20 10:00:00,3.2,2023-10-21 15:00:00
SUB1403,HE150703,GV000016,2023-10-20 10:00:00,6.0,2023-10-21 15:00:00
SUB1404,HE150703,GV000048,2023-10-20 10:00:00,9.6,2023-10-21 15:00:00
SUB1405,HE150704,GV000041,2023-10-20 10:00:00,9.6,2023-10-21 15:00:00
SUB1406,HE150704,GV000023,2023-10-20 10:00:00,0.5,2023-10-21 15:00:00
SUB1407,HE150704,GV000044,2023-10-20 10:00:00,9.8,2023-10-21 15:00:00
SUB1408,HE150705,GV000073,2023-10-20 10:00:00,9.8,2023-10-21 15:00:00
SUB1409,HE150705,GV000008,2023-10-20 10:00:00,3.6,2023-10-21 15:00:00
SUB1410,HE150705,GV000023,2023-10-20 10:00:00,7.9,2023-10-21 15:00:00
SUB1411,HE150706,GV000034,2023-10-20 10:00:00,8.8,2023-10-21 15:00:00
SUB1412,HE150706,GV000093,2023-10-20 10:00:00,1.3,2023-10-21 15:00:00
SUB1413,HE150707,GV000041,2023-10-20 10:00:00,5.8,2023-10-21 15:00:00
SUB1414,HE150708,GV000051,2023-10-20 10:00:00,7.1,2023-10-21 15:00:00
SUB1415,HE150708,GV000090,2023-10-20 10:00:00,2.4,2023-10-21 15:00:00
SUB1416,HE150708,GV000018,2023-10-20 10:00:00,6.4,2023-10-21 15:00:00
SUB1417,HE150709,GV000026,2023-10-20 10:00:00,4.0,2023-10-21 15:00:00
SUB1418,HE150710,GV000024,2023-10-20 10:00:00,6.0,2023-10-21 15:00:00
SUB1419,HE150710,GV000037,2023-10-20 10:00:00,7.2,2023-10-21 15:00:00
SUB1420,HE150711,GV000072,2023-10-20 10:00:00,6.7,2023-10-21 15:00:00
SUB1421,HE150712,GV000078,2023-10-20 10:00:00,5.2,2023-10-21 15:00:00
SUB1422,HE150712,GV000036,2023-10-20 10:00:00,3.9,2023-10-21 15:00:00
SUB1423,HE150713,GV000007,2023-10-20 10:00:00,4.4,2023-10-21 15:00:00
SUB1424,HE150713,GV000050,2023-10-20 10:00:00,3.8,2023-10-21 15:00:00
SUB1425,HE150713,GV000052,2023-10-20 10:00:00,1.6,2023-10-21 15:00:00
SUB1426,HE150714,GV000016,2023-10-20 10:00:00,9.3,2023-10-21 15:00:00
SUB1427,HE150714,GV000054,2023-10-20 10:00:00,7.1,2023-10-21 15:00:00
SUB1428,HE150714,GV000093,2023-10-20 10:00:00,5.7,2023-10-21 15:00:00
SUB1429,HE150715,GV000044,2023-10-20 10:00:00,1.8,2023-10-21 15:00:00
SUB1430,HE150715,GV000086,2023-10-20 10:00:00,8.1,2023-10-21 15:00:00
SUB1431,HE150715,GV000023,2023-10-20 10:00:00,6.2,2023-10-21 15:00:00
SUB1432,HE150716,GV000037,2023-10-20 10:00:00,0.4,2023-10-21 15:00:00
SUB1433,HE150716,GV000046,2023-10-20 10:00:00,1.3,2023-10-21 15:00:00
SUB1434,HE150717,GV000045,2023-10-20 10:00:00,6.7,2023-10-21 15:00:00
SUB1435,HE150717,GV000092,2023-10-20 10:00:00,8.1,2023-10-21 15:00:00
SUB1436,HE150718,GV000091,2023-10-20 10:00:00,9.2,2023-10-21 15:00:00
SUB1437,HE150718,GV000077,2023-10-20 10:00:00,0.0,2023-10-21 15:00:00
SUB1438,HE150718,GV000026,2023-10-20 10:00:00,0.9,2023-10-21 15:00:00
SUB1439,HE150719,GV000095,2023-10-20 10:00:00,7.0,2023-10-21 15:00:00
SUB1440,HE150719,GV000019,2023-10-20 10:00:00,7.2,2023-10-21 15:00:00
SUB1441,HE150719,GV000057,2023-10-20 10:00:00,2.9,2023-10-21 15:00:00
SUB1442,HE150720,GV000008,2023-10-20 10:00:00,6.7,2023-10-21 15:00:00
SUB1443,HE150720,GV000092,2023-10-20 10:00:00,3.0,2023-10-21 15:00:00
SUB1444,HE150721,GV000043,2023-10-20 10:00:00,5.2,2023-10-21 15:00:00
SUB1445,HE150721,GV000096,2023-10-20 10:00:00,4.4,2023-10-21 15:00:00
SUB1446,HE150721,GV000048,2023-10-20 10:00:00,9.3,2023-10-21 15:00:00
SUB1447,HE150722,GV000015,2023-10-20 10:00:00,6.3,2023-10-21 15:00:00
SUB1448,HE150722,GV000059,2023-10-20 10:00:00,9.2,2023-10-21 15:00:00
SUB1449,HE150722,GV000031,2023-10-20 10:00:00,5.2,2023-10-21 15:00:00
SUB1450,HE150723,GV000026,2023-10-20 10:00:00,2.4,2023-10-21 15:00:00
SUB1451,HE150723,GV000057,2023-10-20 10:00:00,9.0,2023-10-21 15:00:00
SUB1452,HE150724,GV000068,2023-10-20 10:00:00,2.8,2023-10-21 15:00:00
SUB1453,HE150724,GV000021,2023-10-20 10:00:00,2.5,2023-10-21 15:00:00
SUB1454,HE150724,GV000048,2023-10-20 10:00:00,2.8,2023-10-21 15:00:00
SUB1455,HE150725,GV000007,2023-10-20 10:00:00,3.4,2023-10-21 15:00:00
SUB1456,HE150726,GV000041,2023-10-20 10:00:00,8.7,2023-10-21 15:00:00
SUB1457,HE150727,GV000077,2023-10-20 10:00:00,6.0,2023-10-21 15:00:00
SUB1458,HE150727,GV000093,2023-10-20 10:00:00,8.7,2023-10-21 15:00:00
SUB1459,HE150728,GV000026,2023-10-20 10:00:00,8.9,2023-10-21 15:00:00
SUB1460,HE150728,GV000027,2023-10-20 10:00:00,7.6,2023-10-21 15:00:00
SUB1461,HE150728,GV000054,2023-10-20 10:00:00,3.1,2023-10-21 15:00:00
SUB1462,HE150729,GV000007,2023-10-20 10:00:00,4.0,2023-10-21 15:00:00
SUB1463,HE150730,GV000028,2023-10-20 10:00:00,7.7,2023-10-21 15:00:00
SUB1464,HE150731,GV000036,2023-10-20 10:00:00,5.9,2023-10-21 15:00:00
SUB1465,HE150732,GV000082,2023-10-20 10:00:00,3.4,2023-10-21 15:00:00
SUB1466,HE150733,GV000082,2023-10-20 10:00:00,2.9,2023-10-21 15:00:00
SUB1467,HE150734,GV000043,2023-10-20 10:00:00,6.4,2023-10-21 15:00:00
SUB1468,HE150734,GV000039,2023-10-20 10:00:00,7.7,2023-10-21 15:00:00
SUB1469,HE150735,GV000071,2023-10-20 10:00:00,7.8,2023-10-21 15:00:00
SUB1470,HE150735,GV000072,2023-10-20 10:00:00,10.0,2023-10-21 15:00:00
SUB1471,HE150735,GV000016,2023-10-20 10:00:00,2.7,2023-10-21 15:00:00
SUB1472,HE150736,GV000035,2023-10-20 10:00:00,6.0,2023-10-21 15:00:00
SUB1473,HE150736,GV000010,2023-10-20 10:00:00,9.2,2023-10-21 15:00:00
SUB1474,HE150737,GV000069,2023-10-20 10:00:00,5.3,2023-10-21 15:00:00
SUB1475,HE150738,GV000044,2023-10-20 10:00:00,0.1,2023-10-21 15:00:00
SUB1476,HE150738,GV000024,2023-10-20 10:00:00,4.2,2023-10-21 15:00:00
SUB1477,HE150739,GV000052,2023-10-20 10:00:00,4.5,2023-10-21 15:00:00
SUB1478,HE150740,GV000054,2023-10-20 10:00:00,4.9,2023-10-21 15:00:00
SUB1479,HE150740,GV000015,2023-10-20 10:00:00,5.4,2023-10-21 15:00:00
SUB1480,HE150741,GV000011,2023-10-20 10:00:00,7.6,2023-10-21 15:00:00
SUB1481,HE150742,GV000007,2023-10-20 10:00:00,8.2,2023-10-21 15:00:00
SUB1482,HE150743,GV000016,2023-10-20 10:00:00,8.2,2023-10-21 15:00:00
SUB1483,HE150743,GV000010,2023-10-20 10:00:00,3.4,2023-10-21 15:00:00
SUB1484,HE150744,GV000035,2023-10-20 10:00:00,5.2,2023-10-21 15:00:00
SUB1485,HE150744,GV000062,2023-10-20 10:00:00,7.9,2023-10-21 15:00:00
SUB1486,HE150745,GV000034,2023-10-20 10:00:00,5.0,2023-10-21 15:00:00
SUB1487,HE150745,GV000048,2023-10-20 10:00:00,0.7,2023-10-21 15:00:00
SUB1488,HE150745,GV000056,2023-10-20 10:00:00,8.1,2023-10-21 15:00:00
SUB1489,HE150746,GV000024,2023-10-20 10:00:00,5.1,2023-10-21 15:00:00
SUB1490,HE150746,GV000004,2023-10-20 10:00:00,6.4,2023-10-21 15:00:00
SUB1491,HE150747,GV000053,2023-10-20 10:00:00,0.6,2023-10-21 15:00:00
SUB1492,HE150747,GV000063,2023-10-20 10:00:00,8.8,2023-10-21 15:00:00
SUB1493,HE150748,GV000063,2023-10-20 10:00:00,3.4,2023-10-21 15:00:00
SUB1494,HE150748,GV000058,2023-10-20 10:00:00,1.2,2023-10-21 15:00:00
SUB1495,HE150749,GV000084,2023-10-20 10:00:00,3.7,2023-10-21 15:00:00
SUB1496,HE150750,GV000064,2023-10-20 10:00:00,9.3,2023-10-21 15:00:00
SUB1497,HE150750,GV000086,2023-10-20 10:00:00,0.4,2023-10-21 15:00:00
SUB1498,HE150751,GV000099,2023-10-20 10:00:00,8.6,2023-10-21 15:00:00
SUB1499,HE150752,GV000047,2023-10-20 10:00:00,1.5,2023-10-21 15:00:00
SUB1500,HE150753,GV000075,2023-10-20 10:00:00,6.2,2023-10-21 15:00:00
SUB1501,HE150753,GV000070,2023-10-20 10:00:00,5.8,2023-10-21 15:00:00
SUB1502,HE150753,GV000057,2023-10-20 10:00:00,8.5,2023-10-21 15:00:00
SUB1503,HE150754,GV000012,2023-10-20 10:00:00,5.6,2023-10-21 15:00:00
SUB1504,HE150755,GV000063,2023-10-20 10:00:00,8.7,2023-10-21 15:00:00
SUB1505,HE150755,GV000094,2023-10-20 10:00:00,9.9,2023-10-21 15:00:00
SUB1506,HE150756,GV000010,2023-10-20 10:00:00,6.2,2023-10-21 15:00:00
SUB1507,HE150756,GV000070,2023-10-20 10:00:00,5.4,2023-10-21 15:00:00
SUB1508,HE150757,GV000078,2023-10-20 10:00:00,8.9,2023-10-21 15:00:00
SUB1509,HE150757,GV000008,2023-10-20 10:00:00,1.9,2023-10-21 15:00:00
SUB1510,HE150757,GV000031,2023-10-20 10:00:00,7.1,2023-10-21 15:00:00
SUB1511,HE150758,GV000034,2023-10-20 10:00:00,8.8,2023-10-21 15:00:00
SUB1512,HE150758,GV000083,2023-10-20 10:00:00,5.7,2023-10-21 15:00:00
SUB1513,HE150758,GV000048,2023-10-20 10:00:00,2.1,2023-10-21 15:00:00
SUB1514,HE150759,GV000069,2023-10-20 10:00:00,1.7,2023-10-21 15:00:00
SUB1515,HE150760,GV000036,2023-10-20 10:00:00,2.4,2023-10-21 15:00:00
SUB1516,HE150760,GV000007,2023-10-20 10:00:00,6.3,2023-10-21 15:00:00
SUB1517,HE150760,GV000013,2023-10-20 10:00:00,7.1,2023-10-21 15:00:00
SUB1518,HE150761,GV000097,2023-10-20 10:00:00,7.9,2023-10-21 15:00:00
SUB1519,HE150762,GV000060,2023-10-20 10:00:00,5.5,2023-10-21 15:00:00
SUB1520,HE150762,GV000023,2023-10-20 10:00:00,10.0,2023-10-21 15:00:00
SUB1521,HE150762,GV000043,2023-10-20 10:00:00,9.1,2023-10-21 15:00:00
SUB1522,HE150763,GV000085,2023-10-20 10:00:00,4.3,2023-10-21 15:00:00
SUB1523,HE150763,GV000054,2023-10-20 10:00:00,0.5,2023-10-21 15:00:00
SUB1524,HE150764,GV000054,2023-10-20 10:00:00,4.4,2023-10-21 15:00:00
SUB1525,HE150765,GV000027,2023-10-20 10:00:00,5.1,2023-10-21 15:00:00
SUB1526,HE150765,GV000015,2023-10-20 10:00:00,8.1,2023-10-21 15:00:00
SUB1527,HE150766,GV000022,2023-10-20 10:00:00,4.5,2023-10-21 15:00:00
SUB1528,HE150767,GV000073,2023-10-20 10:00:00,7.8,2023-10-21 15:00:00
SUB1529,HE150767,GV000076,2023-10-20 10:00:00,6.4,2023-10-21 15:00:00
SUB1530,HE150768,GV000038,2023-10-20 10:00:00,6.3,2023-10-21 15:00:00
SUB1531,HE150769,GV000023,2023-10-20 10:00:00,9.2,2023-10-21 15:00:00
SUB1532,HE150769,GV000021,2023-10-20 10:00:00,3.9,2023-10-21 15:00:00
SUB1533,HE150770,GV000063,2023-10-20 10:00:00,9.6,2023-10-21 15:00:00
SUB1534,HE150771,GV000034,2023-10-20 10:00:00,8.8,2023-10-21 15:00:00
SUB1535,HE150771,GV000010,2023-10-20 10:00:00,5.9,2023-10-21 15:00:00
SUB1536,HE150772,GV000027,2023-10-20 10:00:00,9.2,2023-10-21 15:00:00
SUB1537,HE150773,GV000079,2023-10-20 10:00:00,5.3,2023-10-21 15:00:00
SUB1538,HE150773,GV000077,2023-10-20 10:00:00,7.6,2023-10-21 15:00:00
SUB1539,HE150774,GV000086,2023-10-20 10:00:00,2.3,2023-10-21 15:00:00
SUB1540,HE150774,GV000030,2023-10-20 10:00:00,8.7,2023-10-21 15:00:00
SUB1541,HE150774,GV000006,2023-10-20 10:00:00,0.9,2023-10-21 15:00:00
SUB1542,HE150775,GV000016,2023-10-20 10:00:00,4.8,2023-10-21 15:00:00
SUB1543,HE150775,GV000066,2023-10-20 10:00:00,4.9,2023-10-21 15:00:00
SUB1544,HE150775,GV000007,2023-10-20 10:00:00,6.1,2023-10-21 15:00:00
SUB1545,HE150776,GV000028,2023-10-20 10:00:00,9.0,2023-10-21 15:00:00
SUB1546,HE150776,GV000034,2023-10-20 10:00:00,6.3,2023-10-21 15:00:00
SUB1547,HE150777,GV000063,2023-10-20 10:00:00,9.3,2023-10-21 15:00:00
SUB1548,HE150777,GV000085,2023-10-20 10:00:00,6.6,2023-10-21 15:00:00
SUB1549,HE150777,GV000038,2023-10-20 10:00:00,7.6,2023-10-21 15:00:00
SUB1550,HE150778,GV000054,2023-10-20 10:00:00,9.2,2023-10-21 15:00:00
SUB1551,HE150779,GV000075,2023-10-20 10:00:00,4.7,2023-10-21 15:00:00
SUB1552,HE150779,GV000053,2023-10-20 10:00:00,5.8,2023-10-21 15:00:00
SUB1553,HE150780,GV000081,2023-10-20 10:00:00,3.2,2023-10-21 15:00:00
SUB1554,HE150781,GV000016,2023-10-20 10:00:00,1.8,2023-10-21 15:00:00
SUB1555,HE150782,GV000085,2023-10-20 10:00:00,7.6,2023-10-21 15:00:00
SUB1556,HE150783,GV000023,2023-10-20 10:00:00,1.5,2023-10-21 15:00:00
SUB1557,HE150783,GV000045,2023-10-20 10:00:00,0.4,2023-10-21 15:00:00
SUB1558,HE150784,GV000056,2023-10-20 10:00:00,8.1,2023-10-21 15:00:00
SUB1559,HE150784,GV000023,2023-10-20 10:00:00,2.1,2023-10-21 15:00:00
SUB1560,HE150785,GV000047,2023-10-20 10:00:00,1.1,2023-10-21 15:00:00
SUB1561,HE150785,GV000034,2023-10-20 10:00:00,9.9,2023-10-21 15:00:00
SUB1562,HE150786,GV000077,2023-10-20 10:00:00,2.7,2023-10-21 15:00:00
SUB1563,HE150786,GV000023,2023-10-20 10:00:00,8.3,2023-10-21 15:00:00
SUB1564,HE150787,GV000002,2023-10-20 10:00:00,8.1,2023-10-21 15:00:00
SUB1565,HE150787,GV000014,2023-10-20 10:00:00,0.2,2023-10-21 15:00:00
SUB1566,HE150788,GV000086,2023-10-20 10:00:00,1.8,2023-10-21 15:00:00
SUB1567,HE150788,GV000015,2023-10-20 10:00:00,5.7,2023-10-21 15:00:00
SUB1568,HE150789,GV000048,2023-10-20 10:00:00,8.2,2023-10-21 15:00:00
SUB1569,HE150790,GV000044,2023-10-20 10:00:00,0.2,2023-10-21 15:00:00
SUB1570,HE150790,GV000079,2023-10-20 10:00:00,6.0,2023-10-21 15:00:00
SUB1571,HE150791,GV000074,2023-10-20 10:00:00,3.5,2023-10-21 15:00:00
SUB1572,HE150791,GV000050,2023-10-20 10:00:00,0.6,2023-10-21 15:00:00
SUB1573,HE150792,GV000027,2023-10-20 10:00:00,8.9,2023-10-21 15:00:00
SUB1574,HE150792,GV000004,2023-10-20 10:00:00,8.8,2023-10-21 15:00:00
SUB1575,HE150793,GV000065,2023-10-20 10:00:00,7.0,2023-10-21 15:00:00
SUB1576,HE150794,GV000059,2023-10-20 10:00:00,9.6,2023-10-21 15:00:00
SUB1577,HE150794,GV000039,2023-10-20 10:00:00,7.0,2023-10-21 15:00:00
SUB1578,HE150794,GV000057,2023-10-20 10:00:00,9.3,2023-10-21 15:00:00
SUB1579,HE150795,GV000079,2023-10-20 10:00:00,0.9,2023-10-21 15:00:00
SUB1580,HE150795,GV000025,2023-10-20 10:00:00,8.5,2023-10-21 15:00:00
SUB1581,HE150796,GV000068,2023-10-20 10:00:00,9.8,2023-10-21 15:00:00
SUB1582,HE150796,GV000008,2023-10-20 10:00:00,5.0,2023-10-21 15:00:00
SUB1583,HE150797,GV000085,2023-10-20 10:00:00,4.1,2023-10-21 15:00:00
SUB1584,HE150798,GV000006,2023-10-20 10:00:00,3.3,2023-10-21 15:00:00
SUB1585,HE150799,GV000094,2023-10-20 10:00:00,9.8,2023-10-21 15:00:00
SUB1586,HE150800,GV000013,2023-10-20 10:00:00,6.6,2023-10-21 15:00:00
SUB1587,HE150800,GV000021,2023-10-20 10:00:00,2.9,2023-10-21 15:00:00
SUB1588,HE150801,GV000077,2023-10-20 10:00:00,4.4,2023-10-21 15:00:00
SUB1589,HE150802,GV000050,2023-10-20 10:00:00,7.7,2023-10-21 15:00:00
SUB1590,HE150802,GV000098,2023-10-20 10:00:00,1.9,2023-10-21 15:00:00
SUB1591,HE150803,GV000029,2023-10-20 10:00:00,8.2,2023-10-21 15:00:00
SUB1592,HE150803,GV000004,2023-10-20 10:00:00,5.3,2023-10-21 15:00:00
SUB1593,HE150804,GV000059,2023-10-20 10:00:00,5.5,2023-10-21 15:00:00
SUB1594,HE150804,GV000053,2023-10-20 10:00:00,9.1,2023-10-21 15:00:00
SUB1595,HE150804,GV000008,2023-10-20 10:00:00,6.5,2023-10-21 15:00:00
SUB1596,HE150805,GV000033,2023-10-20 10:00:00,7.2,2023-10-21 15:00:00
SUB1597,HE150805,GV000017,2023-10-20 10:00:00,2.7,2023-10-21 15:00:00
SUB1598,HE150805,GV000098,2023-10-20 10:00:00,8.8,2023-10-21 15:00:00
SUB1599,HE150806,GV000073,2023-10-20 10:00:00,1.6,2023-10-21 15:00:00
SUB1600,HE150806,GV000021,2023-10-20 10:00:00,1.2,2023-10-21 15:00:00
SUB1601,HE150806,GV000030,2023-10-20 10:00:00,3.9,2023-10-21 15:00:00
SUB1602,HE150807,GV000073,2023-10-20 10:00:00,0.6,2023-10-21 15:00:00
SUB1603,HE150807,GV000055,2023-10-20 10:00:00,3.0,2023-10-21 15:00:00
SUB1604,HE150808,GV000001,2023-10-20 10:00:00,0.3,2023-10-21 15:00:00
SUB1605,HE150809,GV000047,2023-10-20 10:00:00,1.6,2023-10-21 15:00:00
SUB1606,HE150809,GV000006,2023-10-20 10:00:00,0.1,2023-10-21 15:00:00
SUB1607,HE150810,GV000043,2023-10-20 10:00:00,4.3,2023-10-21 15:00:00
SUB1608,HE150811,GV000065,2023-10-20 10:00:00,0.4,2023-10-21 15:00:00
SUB1609,HE150812,GV000009,2023-10-20 10:00:00,8.0,2023-10-21 15:00:00
SUB1610,HE150812,GV000087,2023-10-20 10:00:00,7.7,2023-10-21 15:00:00
SUB1611,HE150812,GV000048,2023-10-20 10:00:00,6.8,2023-10-21 15:00:00
SUB1612,HE150813,GV000073,2023-10-20 10:00:00,2.5,2023-10-21 15:00:00
SUB1613,HE150813,GV000016,2023-10-20 10:00:00,5.3,2023-10-21 15:00:00
SUB1614,HE150814,GV000079,2023-10-20 10:00:00,4.1,2023-10-21 15:00:00
SUB1615,HE150814,GV000028,2023-10-20 10:00:00,4.0,2023-10-21 15:00:00
SUB1616,HE150815,GV000004,2023-10-20 10:00:00,7.5,2023-10-21 15:00:00
SUB1617,HE150815,GV000002,2023-10-20 10:00:00,5.8,2023-10-21 15:00:00
SUB1618,HE150816,GV000063,2023-10-20 10:00:00,8.5,2023-10-21 15:00:00
SUB1619,HE150816,GV000026,2023-10-20 10:00:00,6.0,2023-10-21 15:00:00
SUB1620,HE150816,GV000035,2023-10-20 10:00:00,5.4,2023-10-21 15:00:00
SUB1621,HE150817,GV000003,2023-10-20 10:00:00,3.0,2023-10-21 15:00:00
SUB1622,HE150817,GV000048,2023-10-20 10:00:00,4.1,2023-10-21 15:00:00
SUB1623,HE150817,GV000020,2023-10-20 10:00:00,5.3,2023-10-21 15:00:00
SUB1624,HE150818,GV000055,2023-10-20 10:00:00,1.0,2023-10-21 15:00:00
SUB1625,HE150818,GV000072,2023-10-20 10:00:00,2.6,2023-10-21 15:00:00
SUB1626,HE150818,GV000008,2023-10-20 10:00:00,2.9,2023-10-21 15:00:00
SUB1627,HE150819,GV000023,2023-10-20 10:00:00,7.9,2023-10-21 15:00:00
SUB1628,HE150819,GV000001,2023-10-20 10:00:00,5.3,2023-10-21 15:00:00
SUB1629,HE150819,GV000092,2023-10-20 10:00:00,4.2,2023-10-21 15:00:00
SUB1630,HE150820,GV000056,2023-10-20 10:00:00,10.0,2023-10-21 15:00:00
SUB1631,HE150820,GV000078,2023-10-20 10:00:00,1.6,2023-10-21 15:00:00
SUB1632,HE150820,GV000056,2023-10-20 10:00:00,4.7,2023-10-21 15:00:00
SUB1633,HE150821,GV000090,2023-10-20 10:00:00,1.9,2023-10-21 15:00:00
SUB1634,HE150821,GV000048,2023-10-20 10:00:00,6.1,2023-10-21 15:00:00
SUB1635,HE150821,GV000073,2023-10-20 10:00:00,0.1,2023-10-21 15:00:00
SUB1636,HE150822,GV000100,2023-10-20 10:00:00,8.1,2023-10-21 15:00:00
SUB1637,HE150823,GV000014,2023-10-20 10:00:00,0.8,2023-10-21 15:00:00
SUB1638,HE150824,GV000010,2023-10-20 10:00:00,8.9,2023-10-21 15:00:00
SUB1639,HE150824,GV000075,2023-10-20 10:00:00,3.3,2023-10-21 15:00:00
SUB1640,HE150824,GV000047,2023-10-20 10:00:00,4.0,2023-10-21 15:00:00
SUB1641,HE150825,GV000085,2023-10-20 10:00:00,3.5,2023-10-21 15:00:00
SUB1642,HE150825,GV000026,2023-10-20 10:00:00,0.7,2023-10-21 15:00:00
SUB1643,HE150826,GV000072,2023-10-20 10:00:00,3.9,2023-10-21 15:00:00
SUB1644,HE150827,GV000023,2023-10-20 10:00:00,9.9,2023-10-21 15:00:00
SUB1645,HE150827,GV000073,2023-10-20 10:00:00,0.1,2023-10-21 15:00:00
SUB1646,HE150828,GV000022,2023-10-20 10:00:00,9.3,2023-10-21 15:00:00
SUB1647,HE150829,GV000005,2023-10-20 10:00:00,8.6,2023-10-21 15:00:00
SUB1648,HE150829,GV000049,2023-10-20 10:00:00,3.2,2023-10-21 15:00:00
SUB1649,HE150830,GV000010,2023-10-20 10:00:00,3.8,2023-10-21 15:00:00
SUB1650,HE150831,GV000078,2023-10-20 10:00:00,9.3,2023-10-21 15:00:00
SUB1651,HE150832,GV000073,2023-10-20 10:00:00,8.8,2023-10-21 15:00:00
SUB1652,HE150832,GV000042,2023-10-20 10:00:00,7.5,2023-10-21 15:00:00
SUB1653,HE150832,GV000039,2023-10-20 10:00:00,9.7,2023-10-21 15:00:00
SUB1654,HE150833,GV000021,2023-10-20 10:00:00,3.9,2023-10-21 15:00:00
SUB1655,HE150833,GV000003,2023-10-20 10:00:00,4.3,2023-10-21 15:00:00
SUB1656,HE150834,GV000004,2023-10-20 10:00:00,8.9,2023-10-21 15:00:00
SUB1657,HE150834,GV000074,2023-10-20 10:00:00,0.8,2023-10-21 15:00:00
SUB1658,HE150834,GV000066,2023-10-20 10:00:00,7.9,2023-10-21 15:00:00
SUB1659,HE150835,GV000072,2023-10-20 10:00:00,4.1,2023-10-21 15:00:00
SUB1660,HE150836,GV000003,2023-10-20 10:00:00,6.8,2023-10-21 15:00:00
SUB1661,HE150836,GV000013,2023-10-20 10:00:00,9.4,2023-10-21 15:00:00
SUB1662,HE150836,GV000040,2023-10-20 10:00:00,2.8,2023-10-21 15:00:00
SUB1663,HE150837,GV000045,2023-10-20 10:00:00,8.1,2023-10-21 15:00:00
SUB1664,HE150837,GV000035,2023-10-20 10:00:00,9.9,2023-10-21 15:00:00
SUB1665,HE150838,GV000001,2023-10-20 10:00:00,7.8,2023-10-21 15:00:00
SUB1666,HE150838,GV000017,2023-10-20 10:00:00,9.8,2023-10-21 15:00:00
SUB1667,HE150838,GV000050,2023-10-20 10:00:00,9.0,2023-10-21 15:00:00
SUB1668,HE150839,GV000041,2023-10-20 10:00:00,2.9,2023-10-21 15:00:00
SUB1669,HE150839,GV000035,2023-10-20 10:00:00,9.3,2023-10-21 15:00:00
SUB1670,HE150839,GV000025,2023-10-20 10:00:00,4.1,2023-10-21 15:00:00
SUB1671,HE150840,GV000039,2023-10-20 10:00:00,5.6,2023-10-21 15:00:00
SUB1672,HE150840,GV000028,2023-10-20 10:00:00,8.8,2023-10-21 15:00:00
SUB1673,HE150841,GV000006,2023-10-20 10:00:00,0.3,2023-10-21 15:00:00
SUB1674,HE150841,GV000097,2023-10-20 10:00:00,5.1,2023-10-21 15:00:00
SUB1675,HE150842,GV000050,2023-10-20 10:00:00,4.1,2023-10-21 15:00:00
SUB1676,HE150842,GV000004,2023-10-20 10:00:00,4.7,2023-10-21 15:00:00
SUB1677,HE150843,GV000006,2023-10-20 10:00:00,0.4,2023-10-21 15:00:00
SUB1678,HE150843,GV000073,2023-10-20 10:00:00,6.1,2023-10-21 15:00:00
SUB1679,HE150843,GV000020,2023-10-20 10:00:00,3.9,2023-10-21 15:00:00
SUB1680,HE150844,GV000089,2023-10-20 10:00:00,7.7,2023-10-21 15:00:00
SUB1681,HE150844,GV000056,2023-10-20 10:00:00,2.7,2023-10-21 15:00:00
SUB1682,HE150844,GV000010,2023-10-20 10:00:00,3.4,2023-10-21 15:00:00
SUB1683,HE150845,GV000022,2023-10-20 10:00:00,4.3,2023-10-21 15:00:00
SUB1684,HE150846,GV000004,2023-10-20 10:00:00,9.4,2023-10-21 15:00:00
SUB1685,HE150846,GV000047,2023-10-20 10:00:00,8.1,2023-10-21 15:00:00
SUB1686,HE150847,GV000048,2023-10-20 10:00:00,0.5,2023-10-21 15:00:00
SUB1687,HE150847,GV000052,2023-10-20 10:00:00,1.5,2023-10-21 15:00:00
SUB1688,HE150847,GV000008,2023-10-20 10:00:00,0.0,2023-10-21 15:00:00
SUB1689,HE150848,GV000058,2023-10-20 10:00:00,1.3,2023-10-21 15:00:00
SUB1690,HE150848,GV000072,2023-10-20 10:00:00,9.2,2023-10-21 15:00:00
SUB1691,HE150849,GV000019,2023-10-20 10:00:00,8.3,2023-10-21 15:00:00
SUB1692,HE150850,GV000004,2023-10-20 10:00:00,5.7,2023-10-21 15:00:00
SUB1693,HE150850,GV000036,2023-10-20 10:00:00,2.9,2023-10-21 15:00:00
SUB1694,HE150850,GV000083,2023-10-20 10:00:00,7.3,2023-10-21 15:00:00
SUB1695,HE150851,GV000086,2023-10-20 10:00:00,9.4,2023-10-21 15:00:00
SUB1696,HE150851,GV000046,2023-10-20 10:00:00,0.2,2023-10-21 15:00:00
SUB1697,HE150851,GV000004,2023-10-20 10:00:00,4.3,2023-10-21 15:00:00
SUB1698,HE150852,GV000045,2023-10-20 10:00:00,1.3,2023-10-21 15:00:00
SUB1699,HE150853,GV000016,2023-10-20 10:00:00,3.7,2023-10-21 15:00:00
SUB1700,HE150853,GV000075,2023-10-20 10:00:00,7.9,2023-10-21 15:00:00
SUB1701,HE150854,GV000068,2023-10-20 10:00:00,8.4,2023-10-21 15:00:00
SUB1702,HE150855,GV000017,2023-10-20 10:00:00,6.2,2023-10-21 15:00:00
SUB1703,HE150855,GV000020,2023-10-20 10:00:00,7.4,2023-10-21 15:00:00
SUB1704,HE150855,GV000059,2023-10-20 10:00:00,9.1,2023-10-21 15:00:00
SUB1705,HE150856,GV000009,2023-10-20 10:00:00,6.6,2023-10-21 15:00:00
SUB1706,HE150856,GV000021,2023-10-20 10:00:00,2.0,2023-10-21 15:00:00
SUB1707,HE150857,GV000019,2023-10-20 10:00:00,0.5,2023-10-21 15:00:00
SUB1708,HE150857,GV000058,2023-10-20 10:00:00,0.9,2023-10-21 15:00:00
SUB1709,HE150857,GV000063,2023-10-20 10:00:00,0.6,2023-10-21 15:00:00
SUB1710,HE150858,GV000075,2023-10-20 10:00:00,0.1,2023-10-21 15:00:00
SUB1711,HE150859,GV000080,2023-10-20 10:00:00,4.3,2023-10-21 15:00:00
SUB1712,HE150860,GV000033,2023-10-20 10:00:00,0.7,2023-10-21 15:00:00
SUB1713,HE150860,GV000019,2023-10-20 10:00:00,4.2,2023-10-21 15:00:00
SUB1714,HE150861,GV000069,2023-10-20 10:00:00,4.5,2023-10-21 15:00:00
SUB1715,HE150861,GV000085,2023-10-20 10:00:00,0.8,2023-10-21 15:00:00
SUB1716,HE150861,GV000069,2023-10-20 10:00:00,6.4,2023-10-21 15:00:00
SUB1717,HE150862,GV000045,2023-10-20 10:00:00,1.2,2023-10-21 15:00:00
SUB1718,HE150862,GV000068,2023-10-20 10:00:00,9.7,2023-10-21 15:00:00
SUB1719,HE150862,GV000035,2023-10-20 10:00:00,9.6,2023-10-21 15:00:00
SUB1720,HE150863,GV000078,2023-10-20 10:00:00,9.7,2023-10-21 15:00:00
SUB1721,HE150863,GV000071,2023-10-20 10:00:00,8.5,2023-10-21 15:00:00
SUB1722,HE150864,GV000077,2023-10-20 10:00:00,9.0,2023-10-21 15:00:00
SUB1723,HE150864,GV000006,2023-10-20 10:00:00,0.5,2023-10-21 15:00:00
SUB1724,HE150864,GV000088,2023-10-20 10:00:00,5.5,2023-10-21 15:00:00
SUB1725,HE150865,GV000008,2023-10-20 10:00:00,3.5,2023-10-21 15:00:00
SUB1726,HE150865,GV000002,2023-10-20 10:00:00,2.7,2023-10-21 15:00:00
SUB1727,HE150866,GV000022,2023-10-20 10:00:00,5.8,2023-10-21 15:00:00
SUB1728,HE150867,GV000036,2023-10-20 10:00:00,7.7,2023-10-21 15:00:00
SUB1729,HE150867,GV000075,2023-10-20 10:00:00,3.0,2023-10-21 15:00:00
SUB1730,HE150868,GV000047,2023-10-20 10:00:00,9.0,2023-10-21 15:00:00
SUB1731,HE150869,GV000049,2023-10-20 10:00:00,9.0,2023-10-21 15:00:00
SUB1732,HE150869,GV000077,2023-10-20 10:00:00,3.9,2023-10-21 15:00:00
SUB1733,HE150870,GV000059,2023-10-20 10:00:00,9.9,2023-10-21 15:00:00
SUB1734,HE150870,GV000020,2023-10-20 10:00:00,0.7,2023-10-21 15:00:00
SUB1735,HE150870,GV000068,2023-10-20 10:00:00,4.9,2023-10-21 15:00:00
SUB1736,HE150871,GV000083,2023-10-20 10:00:00,1.8,2023-10-21 15:00:00
SUB1737,HE150871,GV000056,2023-10-20 10:00:00,4.1,2023-10-21 15:00:00
SUB1738,HE150872,GV000093,2023-10-20 10:00:00,1.1,2023-10-21 15:00:00
SUB1739,HE150872,GV000051,2023-10-20 10:00:00,0.2,2023-10-21 15:00:00
SUB1740,HE150872,GV000016,2023-10-20 10:00:00,2.5,2023-10-21 15:00:00
SUB1741,HE150873,GV000041,2023-10-20 10:00:00,5.1,2023-10-21 15:00:00
SUB1742,HE150874,GV000086,2023-10-20 10:00:00,7.4,2023-10-21 15:00:00
SUB1743,HE150874,GV000081,2023-10-20 10:00:00,0.4,2023-10-21 15:00:00
SUB1744,HE150874,GV000006,2023-10-20 10:00:00,0.8,2023-10-21 15:00:00
SUB1745,HE150875,GV000100,2023-10-20 10:00:00,9.5,2023-10-21 15:00:00
SUB1746,HE150875,GV000030,2023-10-20 10:00:00,1.1,2023-10-21 15:00:00
SUB1747,HE150876,GV000044,2023-10-20 10:00:00,7.4,2023-10-21 15:00:00
SUB1748,HE150877,GV000001,2023-10-20 10:00:00,8.4,2023-10-21 15:00:00
SUB1749,HE150877,GV000042,2023-10-20 10:00:00,2.9,2023-10-21 15:00:00
SUB1750,HE150878,GV000041,2023-10-20 10:00:00,5.8,2023-10-21 15:00:00
SUB1751,HE150879,GV000047,2023-10-20 10:00:00,4.8,2023-10-21 15:00:00
SUB1752,HE150879,GV000072,2023-10-20 10:00:00,3.9,2023-10-21 15:00:00
SUB1753,HE150880,GV000036,2023-10-20 10:00:00,4.6,2023-10-21 15:00:00
SUB1754,HE150880,GV000099,2023-10-20 10:00:00,0.8,2023-10-21 15:00:00
SUB1755,HE150880,GV000023,2023-10-20 10:00:00,4.5,2023-10-21 15:00:00
SUB1756,HE150881,GV000063,2023-10-20 10:00:00,4.5,2023-10-21 15:00:00
SUB1757,HE150881,GV000070,2023-10-20 10:00:00,8.2,2023-10-21 15:00:00
SUB1758,HE150881,GV000027,2023-10-20 10:00:00,7.6,2023-10-21 15:00:00
SUB1759,HE150882,GV000023,2023-10-20 10:00:00,1.7,2023-10-21 15:00:00
SUB1760,HE150882,GV000075,2023-10-20 10:00:00,5.6,2023-10-21 15:00:00
SUB1761,HE150882,GV000071,2023-10-20 10:00:00,7.7,2023-10-21 15:00:00
SUB1762,HE150883,GV000072,2023-10-20 10:00:00,4.5,2023-10-21 15:00:00
SUB1763,HE150883,GV000055,2023-10-20 10:00:00,6.4,2023-10-21 15:00:00
SUB1764,HE150884,GV000027,2023-10-20 10:00:00,7.0,2023-10-21 15:00:00
SUB1765,HE150884,GV000090,2023-10-20 10:00:00,3.3,2023-10-21 15:00:00
SUB1766,HE150885,GV000074,2023-10-20 10:00:00,8.3,2023-10-21 15:00:00
SUB1767,HE150885,GV000004,2023-10-20 10:00:00,7.6,2023-10-21 15:00:00
SUB1768,HE150885,GV000008,2023-10-20 10:00:00,7.3,2023-10-21 15:00:00
SUB1769,HE150886,GV000016,2023-10-20 10:00:00,2.7,2023-10-21 15:00:00
SUB1770,HE150886,GV000091,2023-10-20 10:00:00,1.6,2023-10-21 15:00:00
SUB1771,HE150887,GV000043,2023-10-20 10:00:00,7.6,2023-10-21 15:00:00
SUB1772,HE150887,GV000059,2023-10-20 10:00:00,2.8,2023-10-21 15:00:00
SUB1773,HE150887,GV000034,2023-10-20 10:00:00,0.4,2023-10-21 15:00:00
SUB1774,HE150888,GV000009,2023-10-20 10:00:00,7.5,2023-10-21 15:00:00
SUB1775,HE150889,GV000098,2023-10-20 10:00:00,8.8,2023-10-21 15:00:00
SUB1776,HE150889,GV000047,2023-10-20 10:00:00,1.4,2023-10-21 15:00:00
SUB1777,HE150890,GV000077,2023-10-20 10:00:00,8.2,2023-10-21 15:00:00
SUB1778,HE150890,GV000048,2023-10-20 10:00:00,3.5,2023-10-21 15:00:00
SUB1779,HE150890,GV000085,2023-10-20 10:00:00,2.0,2023-10-21 15:00:00
SUB1780,HE150891,GV000047,2023-10-20 10:00:00,0.1,2023-10-21 15:00:00
SUB1781,HE150891,GV000026,2023-10-20 10:00:00,5.8,2023-10-21 15:00:00
SUB1782,HE150892,GV000038,2023-10-20 10:00:00,9.8,2023-10-21 15:00:00
SUB1783,HE150893,GV000047,2023-10-20 10:00:00,2.2,2023-10-21 15:00:00
SUB1784,HE150893,GV000043,2023-10-20 10:00:00,5.2,2023-10-21 15:00:00
SUB1785,HE150894,GV000035,2023-10-20 10:00:00,9.2,2023-10-21 15:00:00
SUB1786,HE150895,GV000087,2023-10-20 10:00:00,5.6,2023-10-21 15:00:00
SUB1787,HE150895,GV000049,2023-10-20 10:00:00,9.6,2023-10-21 15:00:00
SUB1788,HE150896,GV000060,2023-10-20 10:00:00,6.4,2023-10-21 15:00:00
SUB1789,HE150896,GV000041,2023-10-20 10:00:00,4.2,2023-10-21 15:00:00
SUB1790,HE150897,GV000043,2023-10-20 10:00:00,7.9,2023-10-21 15:00:00
SUB1791,HE150897,GV000077,2023-10-20 10:00:00,7.3,2023-10-21 15:00:00
SUB1792,HE150897,GV000029,2023-10-20 10:00:00,0.9,2023-10-21 15:00:00
SUB1793,HE150898,GV000002,2023-10-20 10:00:00,4.9,2023-10-21 15:00:00
SUB1794,HE150898,GV000077,2023-10-20 10:00:00,3.3,2023-10-21 15:00:00
SUB1795,HE150899,GV000097,2023-10-20 10:00:00,3.6,2023-10-21 15:00:00
SUB1796,HE150899,GV000093,2023-10-20 10:00:00,7.5,2023-10-21 15:00:00
SUB1797,HE150899,GV000001,2023-10-20 10:00:00,7.7,2023-10-21 15:00:00
SUB1798,HE150900,GV000073,2023-10-20 10:00:00,2.1,2023-10-21 15:00:00
SUB1799,HE150901,GV000043,2023-10-20 10:00:00,4.9,2023-10-21 15:00:00
SUB1800,HE150901,GV000040,2023-10-20 10:00:00,4.1,2023-10-21 15:00:00
SUB1801,HE150901,GV000087,2023-10-20 10:00:00,1.0,2023-10-21 15:00:00
SUB1802,HE150902,GV000092,2023-10-20 10:00:00,9.1,2023-10-21 15:00:00
SUB1803,HE150902,GV000021,2023-10-20 10:00:00,5.5,2023-10-21 15:00:00
SUB1804,HE150903,GV000039,2023-10-20 10:00:00,3.2,2023-10-21 15:00:00
SUB1805,HE150904,GV000028,2023-10-20 10:00:00,5.6,2023-10-21 15:00:00
SUB1806,HE150904,GV000059,2023-10-20 10:00:00,0.2,2023-10-21 15:00:00
SUB1807,HE150904,GV000022,2023-10-20 10:00:00,9.6,2023-10-21 15:00:00
SUB1808,HE150905,GV000065,2023-10-20 10:00:00,6.3,2023-10-21 15:00:00
SUB1809,HE150905,GV000095,2023-10-20 10:00:00,7.2,2023-10-21 15:00:00
SUB1810,HE150906,GV000014,2023-10-20 10:00:00,8.3,2023-10-21 15:00:00
SUB1811,HE150907,GV000012,2023-10-20 10:00:00,4.9,2023-10-21 15:00:00
SUB1812,HE150907,GV000016,2023-10-20 10:00:00,8.0,2023-10-21 15:00:00
SUB1813,HE150908,GV000100,2023-10-20 10:00:00,4.9,2023-10-21 15:00:00
SUB1814,HE150909,GV000019,2023-10-20 10:00:00,1.2,2023-10-21 15:00:00
SUB1815,HE150909,GV000036,2023-10-20 10:00:00,0.8,2023-10-21 15:00:00
SUB1816,HE150909,GV000093,2023-10-20 10:00:00,3.4,2023-10-21 15:00:00
SUB1817,HE150910,GV000033,2023-10-20 10:00:00,1.8,2023-10-21 15:00:00
SUB1818,HE150911,GV000098,2023-10-20 10:00:00,5.3,2023-10-21 15:00:00
SUB1819,HE150911,GV000021,2023-10-20 10:00:00,8.3,2023-10-21 15:00:00
SUB1820,HE150912,GV000077,2023-10-20 10:00:00,6.4,2023-10-21 15:00:00
SUB1821,HE150913,GV000044,2023-10-20 10:00:00,4.7,2023-10-21 15:00:00
SUB1822,HE150914,GV000058,2023-10-20 10:00:00,9.4,2023-10-21 15:00:00
SUB1823,HE150914,GV000034,2023-10-20 10:00:00,1.4,2023-10-21 15:00:00
SUB1824,HE150915,GV000093,2023-10-20 10:00:00,5.4,2023-10-21 15:00:00
SUB1825,HE150915,GV000006,2023-10-20 10:00:00,5.1,2023-10-21 15:00:00
SUB1826,HE150916,GV000085,2023-10-20 10:00:00,4.7,2023-10-21 15:00:00
SUB1827,HE150917,GV000047,2023-10-20 10:00:00,2.5,2023-10-21 15:00:00
SUB1828,HE150917,GV000081,2023-10-20 10:00:00,2.0,2023-10-21 15:00:00
SUB1829,HE150918,GV000037,2023-10-20 10:00:00,0.7,2023-10-21 15:00:00
SUB1830,HE150919,GV000026,2023-10-20 10:00:00,9.2,2023-10-21 15:00:00
SUB1831,HE150919,GV000093,2023-10-20 10:00:00,9.3,2023-10-21 15:00:00
SUB1832,HE150920,GV000027,2023-10-20 10:00:00,1.0,2023-10-21 15:00:00
SUB1833,HE150921,GV000068,2023-10-20 10:00:00,8.0,2023-10-21 15:00:00
SUB1834,HE150921,GV000002,2023-10-20 10:00:00,0.3,2023-10-21 15:00:00
SUB1835,HE150922,GV000023,2023-10-20 10:00:00,9.5,2023-10-21 15:00:00
SUB1836,HE150923,GV000089,2023-10-20 10:00:00,5.9,2023-10-21 15:00:00
SUB1837,HE150923,GV000010,2023-10-20 10:00:00,8.9,2023-10-21 15:00:00
SUB1838,HE150924,GV000067,2023-10-20 10:00:00,5.0,2023-10-21 15:00:00
SUB1839,HE150925,GV000047,2023-10-20 10:00:00,7.9,2023-10-21 15:00:00
SUB1840,HE150925,GV000022,2023-10-20 10:00:00,7.3,2023-10-21 15:00:00
SUB1841,HE150925,GV000016,2023-10-20 10:00:00,7.5,2023-10-21 15:00:00
SUB1842,HE150926,GV000094,2023-10-20 10:00:00,6.8,2023-10-21 15:00:00
SUB1843,HE150926,GV000078,2023-10-20 10:00:00,1.9,2023-10-21 15:00:00
SUB1844,HE150927,GV000019,2023-10-20 10:00:00,8.6,2023-10-21 15:00:00
SUB1845,HE150927,GV000026,2023-10-20 10:00:00,5.2,2023-10-21 15:00:00
SUB1846,HE150928,GV000031,2023-10-20 10:00:00,6.8,2023-10-21 15:00:00
SUB1847,HE150929,GV000010,2023-10-20 10:00:00,4.9,2023-10-21 15:00:00
SUB1848,HE150929,GV000041,2023-10-20 10:00:00,0.9,2023-10-21 15:00:00
SUB1849,HE150930,GV000009,2023-10-20 10:00:00,0.7,2023-10-21 15:00:00
SUB1850,HE150931,GV000074,2023-10-20 10:00:00,7.9,2023-10-21 15:00:00
SUB1851,HE150932,GV000044,2023-10-20 10:00:00,0.0,2023-10-21 15:00:00
SUB1852,HE150932,GV000096,2023-10-20 10:00:00,3.1,2023-10-21 15:00:00
SUB1853,HE150932,GV000064,2023-10-20 10:00:00,7.7,2023-10-21 15:00:00
SUB1854,HE150933,GV000056,2023-10-20 10:00:00,7.8,2023-10-21 15:00:00
SUB1855,HE150934,GV000023,2023-10-20 10:00:00,1.1,2023-10-21 15:00:00
SUB1856,HE150934,GV000097,2023-10-20 10:00:00,2.3,2023-10-21 15:00:00
SUB1857,HE150934,GV000099,2023-10-20 10:00:00,0.2,2023-10-21 15:00:00
SUB1858,HE150935,GV000091,2023-10-20 10:00:00,6.4,2023-10-21 15:00:00
SUB1859,HE150935,GV000011,2023-10-20 10:00:00,8.2,2023-10-21 15:00:00
SUB1860,HE150936,GV000004,2023-10-20 10:00:00,9.9,2023-10-21 15:00:00
SUB1861,HE150936,GV000020,2023-10-20 10:00:00,3.1,2023-10-21 15:00:00
SUB1862,HE150936,GV000059,2023-10-20 10:00:00,7.6,2023-10-21 15:00:00
SUB1863,HE150937,GV000069,2023-10-20 10:00:00,4.8,2023-10-21 15:00:00
SUB1864,HE150937,GV000036,2023-10-20 10:00:00,9.5,2023-10-21 15:00:00
SUB1865,HE150937,GV000036,2023-10-20 10:00:00,2.6,2023-10-21 15:00:00
SUB1866,HE150938,GV000036,2023-10-20 10:00:00,0.5,2023-10-21 15:00:00
SUB1867,HE150938,GV000022,2023-10-20 10:00:00,5.6,2023-10-21 15:00:00
SUB1868,HE150939,GV000059,2023-10-20 10:00:00,1.3,2023-10-21 15:00:00
SUB1869,HE150940,GV000054,2023-10-20 10:00:00,1.1,2023-10-21 15:00:00
SUB1870,HE150941,GV000005,2023-10-20 10:00:00,8.1,2023-10-21 15:00:00
SUB1871,HE150942,GV000008,2023-10-20 10:00:00,2.5,2023-10-21 15:00:00
SUB1872,HE150942,GV000046,2023-10-20 10:00:00,7.8,2023-10-21 15:00:00
SUB1873,HE150943,GV000045,2023-10-20 10:00:00,5.5,2023-10-21 15:00:00
SUB1874,HE150943,GV000040,2023-10-20 10:00:00,9.4,2023-10-21 15:00:00
SUB1875,HE150943,GV000040,2023-10-20 10:00:00,0.1,2023-10-21 15:00:00
SUB1876,HE150944,GV000021,2023-10-20 10:00:00,6.7,2023-10-21 15:00:00
SUB1877,HE150944,GV000006,2023-10-20 10:00:00,0.9,2023-10-21 15:00:00
SUB1878,HE150945,GV000019,2023-10-20 10:00:00,8.1,2023-10-21 15:00:00
SUB1879,HE150945,GV000006,2023-10-20 10:00:00,9.6,2023-10-21 15:00:00
SUB1880,HE150946,GV000040,2023-10-20 10:00:00,4.2,2023-10-21 15:00:00
SUB1881,HE150946,GV000016,2023-10-20 10:00:00,5.4,2023-10-21 15:00:00
SUB1882,HE150947,GV000006,2023-10-20 10:00:00,2.8,2023-10-21 15:00:00
SUB1883,HE150947,GV000043,2023-10-20 10:00:00,1.6,2023-10-21 15:00:00
SUB1884,HE150948,GV000097,2023-10-20 10:00:00,3.8,2023-10-21 15:00:00
SUB1885,HE150949,GV000043,2023-10-20 10:00:00,2.4,2023-10-21 15:00:00
SUB1886,HE150949,GV000047,2023-10-20 10:00:00,6.7,2023-10-21 15:00:00
SUB1887,HE150949,GV000036,2023-10-20 10:00:00,9.9,2023-10-21 15:00:00
SUB1888,HE150950,GV000057,2023-10-20 10:00:00,2.6,2023-10-21 15:00:00
SUB1889,HE150950,GV000039,2023-10-20 10:00:00,4.0,2023-10-21 15:00:00
SUB1890,HE150950,GV000087,2023-10-20 10:00:00,1.7,2023-10-21 15:00:00
SUB1891,HE150951,GV000028,2023-10-20 10:00:00,2.5,2023-10-21 15:00:00
SUB1892,HE150952,GV000016,2023-10-20 10:00:00,5.8,2023-10-21 15:00:00
SUB1893,HE150952,GV000008,2023-10-20 10:00:00,8.7,2023-10-21 15:00:00
SUB1894,HE150953,GV000055,2023-10-20 10:00:00,2.2,2023-10-21 15:00:00
SUB1895,HE150953,GV000079,2023-10-20 10:00:00,5.9,2023-10-21 15:00:00
SUB1896,HE150954,GV000045,2023-10-20 10:00:00,5.5,2023-10-21 15:00:00
SUB1897,HE150955,GV000002,2023-10-20 10:00:00,6.3,2023-10-21 15:00:00
SUB1898,HE150956,GV000057,2023-10-20 10:00:00,6.9,2023-10-21 15:00:00
SUB1899,HE150956,GV000092,2023-10-20 10:00:00,1.7,2023-10-21 15:00:00
SUB1900,HE150956,GV000005,2023-10-20 10:00:00,9.2,2023-10-21 15:00:00
SUB1901,HE150957,GV000031,2023-10-20 10:00:00,0.1,2023-10-21 15:00:00
SUB1902,HE150958,GV000065,2023-10-20 10:00:00,6.1,2023-10-21 15:00:00
SUB1903,HE150958,GV000084,2023-10-20 10:00:00,3.1,2023-10-21 15:00:00
SUB1904,HE150959,GV000075,2023-10-20 10:00:00,8.7,2023-10-21 15:00:00
SUB1905,HE150959,GV000064,2023-10-20 10:00:00,8.8,2023-10-21 15:00:00
SUB1906,HE150959,GV000063,2023-10-20 10:00:00,5.5,2023-10-21 15:00:00
SUB1907,HE150960,GV000004,2023-10-20 10:00:00,6.7,2023-10-21 15:00:00
SUB1908,HE150961,GV000006,2023-10-20 10:00:00,8.2,2023-10-21 15:00:00
SUB1909,HE150961,GV000014,2023-10-20 10:00:00,8.9,2023-10-21 15:00:00
SUB1910,HE150962,GV000063,2023-10-20 10:00:00,3.3,2023-10-21 15:00:00
SUB1911,HE150962,GV000050,2023-10-20 10:00:00,0.2,2023-10-21 15:00:00
SUB1912,HE150962,GV000066,2023-10-20 10:00:00,4.7,2023-10-21 15:00:00
SUB1913,HE150963,GV000066,2023-10-20 10:00:00,7.1,2023-10-21 15:00:00
SUB1914,HE150964,GV000075,2023-10-20 10:00:00,2.1,2023-10-21 15:00:00
SUB1915,HE150964,GV000006,2023-10-20 10:00:00,2.9,2023-10-21 15:00:00
SUB1916,HE150964,GV000006,2023-10-20 10:00:00,6.4,2023-10-21 15:00:00
SUB1917,HE150965,GV000006,2023-10-20 10:00:00,3.7,2023-10-21 15:00:00
SUB1918,HE150965,GV000006,2023-10-20 10:00:00,7.9,2023-10-21 15:00:00
SUB1919,HE150966,GV000035,2023-10-20 10:00:00,0.0,2023-10-21 15:00:00
SUB1920,HE150966,GV000048,2023-10-20 10:00:00,7.4,2023-10-21 15:00:00
SUB1921,HE150967,GV000023,2023-10-20 10:00:00,9.7,2023-10-21 15:00:00
SUB1922,HE150967,GV000078,2023-10-20 10:00:00,2.7,2023-10-21 15:00:00
SUB1923,HE150967,GV000045,2023-10-20 10:00:00,2.8,2023-10-21 15:00:00
SUB1924,HE150968,GV000031,2023-10-20 10:00:00,2.1,2023-10-21 15:00:00
SUB1925,HE150968,GV000002,2023-10-20 10:00:00,5.6,2023-10-21 15:00:00
SUB1926,HE150968,GV000019,2023-10-20 10:00:00,1.8,2023-10-21 15:00:00
SUB1927,HE150969,GV000075,2023-10-20 10:00:00,8.6,2023-10-21 15:00:00
SUB1928,HE150969,GV000068,2023-10-20 10:00:00,5.4,2023-10-21 15:00:00
SUB1929,HE150970,GV000087,2023-10-20 10:00:00,4.8,2023-10-21 15:00:00
SUB1930,HE150971,GV000095,2023-10-20 10:00:00,5.5,2023-10-21 15:00:00
SUB1931,HE150971,GV000070,2023-10-20 10:00:00,8.8,2023-10-21 15:00:00
SUB1932,HE150971,GV000073,2023-10-20 10:00:00,6.3,2023-10-21 15:00:00
SUB1933,HE150972,GV000051,2023-10-20 10:00:00,0.4,2023-10-21 15:00:00
SUB1934,HE150973,GV000076,2023-10-20 10:00:00,3.8,2023-10-21 15:00:00
SUB1935,HE150973,GV000014,2023-10-20 10:00:00,5.5,2023-10-21 15:00:00
SUB1936,HE150973,GV000029,2023-10-20 10:00:00,6.5,2023-10-21 15:00:00
SUB1937,HE150974,GV000098,2023-10-20 10:00:00,8.8,2023-10-21 15:00:00
SUB1938,HE150974,GV000037,2023-10-20 10:00:00,3.0,2023-10-21 15:00:00
SUB1939,HE150974,GV000063,2023-10-20 10:00:00,0.5,2023-10-21 15:00:00
SUB1940,HE150975,GV000075,2023-10-20 10:00:00,8.8,2023-10-21 15:00:00
SUB1941,HE150975,GV000057,2023-10-20 10:00:00,0.3,2023-10-21 15:00:00
SUB1942,HE150976,GV000019,2023-10-20 10:00:00,1.1,2023-10-21 15:00:00
SUB1943,HE150977,GV000073,2023-10-20 10:00:00,3.1,2023-10-21 15:00:00
SUB1944,HE150977,GV000023,2023-10-20 10:00:00,8.5,2023-10-21 15:00:00
SUB1945,HE150978,GV000066,2023-10-20 10:00:00,1.6,2023-10-21 15:00:00
SUB1946,HE150979,GV000058,2023-10-20 10:00:00,9.6,2023-10-21 15:00:00
SUB1947,HE150979,GV000014,2023-10-20 10:00:00,0.8,2023-10-21 15:00:00
SUB1948,HE150979,GV000004,2023-10-20 10:00:00,3.6,2023-10-21 15:00:00
SUB1949,HE150980,GV000093,2023-10-20 10:00:00,1.5,2023-10-21 15:00:00
SUB1950,HE150981,GV000093,2023-10-20 10:00:00,7.5,2023-10-21 15:00:00
SUB1951,HE150982,GV000023,2023-10-20 10:00:00,0.6,2023-10-21 15:00:00
SUB1952,HE150982,GV000002,2023-10-20 10:00:00,1.9,2023-10-21 15:00:00
SUB1953,HE150983,GV000070,2023-10-20 10:00:00,6.4,2023-10-21 15:00:00
SUB1954,HE150984,GV000031,2023-10-20 10:00:00,8.2,2023-10-21 15:00:00
SUB1955,HE150984,GV000019,2023-10-20 10:00:00,4.5,2023-10-21 15:00:00
SUB1956,HE150985,GV000050,2023-10-20 10:00:00,5.6,2023-10-21 15:00:00
SUB1957,HE150986,GV000015,2023-10-20 10:00:00,0.7,2023-10-21 15:00:00
SUB1958,HE150986,GV000079,2023-10-20 10:00:00,2.9,2023-10-21 15:00:00
SUB1959,HE150986,GV000021,2023-10-20 10:00:00,8.6,2023-10-21 15:00:00
SUB1960,HE150987,GV000094,2023-10-20 10:00:00,4.9,2023-10-21 15:00:00
SUB1961,HE150987,GV000042,2023-10-20 10:00:00,1.1,2023-10-21 15:00:00
SUB1962,HE150988,GV000034,2023-10-20 10:00:00,4.5,2023-10-21 15:00:00
SUB1963,HE150989,GV000024,2023-10-20 10:00:00,4.9,2023-10-21 15:00:00
SUB1964,HE150989,GV000016,2023-10-20 10:00:00,8.0,2023-10-21 15:00:00
SUB1965,HE150990,GV000090,2023-10-20 10:00:00,8.8,2023-10-21 15:00:00
SUB1966,HE150990,GV000022,2023-10-20 10:00:00,8.3,2023-10-21 15:00:00
SUB1967,HE150990,GV000044,2023-10-20 10:00:00,3.2,2023-10-21 15:00:00
SUB1968,HE150991,GV000030,2023-10-20 10:00:00,2.7,2023-10-21 15:00:00
SUB1969,HE150991,GV000094,2023-10-20 10:00:00,4.7,2023-10-21 15:00:00
SUB1970,HE150992,GV000059,2023-10-20 10:00:00,3.8,2023-10-21 15:00:00
SUB1971,HE150992,GV000058,2023-10-20 10:00:00,4.9,2023-10-21 15:00:00
SUB1972,HE150992,GV000094,2023-10-20 10:00:00,7.7,2023-10-21 15:00:00
SUB1973,HE150993,GV000024,2023-10-20 10:00:00,9.0,2023-10-21 15:00:00
SUB1974,HE150993,GV000099,2023-10-20 10:00:00,4.8,2023-10-21 15:00:00
SUB1975,HE150993,GV000099,2023-10-20 10:00:00,2.5,2023-10-21 15:00:00
SUB1976,HE150994,GV000025,2023-10-20 10:00:00,0.5,2023-10-21 15:00:00
SUB1977,HE150995,GV000081,2023-10-20 10:00:00,1.7,2023-10-21 15:00:00
SUB1978,HE150995,GV000008,2023-10-20 10:00:00,2.1,2023-10-21 15:00:00
SUB1979,HE150996,GV000093,2023-10-20 10:00:00,2.1,2023-10-21 15:00:00
SUB1980,HE150996,GV000100,2023-10-20 10:00:00,9.6,2023-10-21 15:00:00
SUB1981,HE150996,GV000070,2023-10-20 10:00:00,3.1,2023-10-21 15:00:00
SUB1982,HE150997,GV000027,2023-10-20 10:00:00,4.2,2023-10-21 15:00:00
SUB1983,HE150997,GV000034,2023-10-20 10:00:00,0.5,2023-10-21 15:00:00
SUB1984,HE150997,GV000019,2023-10-20 10:00:00,1.2,2023-10-21 15:00:00
SUB1985,HE150998,GV000028,2023-10-20 10:00:00,3.8,2023-10-21 15:00:00
SUB1986,HE150998,GV000072,2023-10-20 10:00:00,6.8,2023-10-21 15:00:00
SUB1987,HE150998,GV000035,2023-10-20 10:00:00,1.3,2023-10-21 15:00:00
SUB1988,HE150999,GV000054,2023-10-20 10:00:00,1.3,2023-10-21 15:00:00
SUB1989,HE150999,GV000078,2023-10-20 10:00:00,6.2,2023-10-21 15:00:00
SUB1990,HE150999,GV000052,2023-10-20 10:00:00,1.4,2023-10-21 15:00:00
SUB1991,HE151000,GV000100,2023-10-20 10:00:00,1.2,2023-10-21 15:00:00
